match_id,date,venue,winner
1082591,2017-04-05,"Rajiv Gandhi International Stadium, Uppal",Sunrisers Hyderabad
1082592,2017-04-06,Maharashtra Cricket Association Stadium,Rising Pune Supergiant
1082593,2017-04-07,Saurashtra Cricket Association Stadium,Kolkata Knight Riders
1082594,2017-04-08,Holkar Cricket Stadium,Kings XI Punjab
1082595,2017-04-08,M.Chinnaswamy Stadium,Royal Challengers Bangalore
1082596,2017-04-09,"Rajiv Gandhi International Stadium, Uppal",Sunrisers Hyderabad
1082597,2017-04-09,Wankhede Stadium,Mumbai Indians
1082598,2017-04-10,Holkar Cricket Stadium,Kings XI Punjab
1082599,2017-04-11,Maharashtra Cricket Association Stadium,Delhi Daredevils
1082600,2017-04-12,Wankhede Stadium,Mumbai Indians
1082601,2017-04-13,Eden Gardens,Kolkata Knight Riders
1082602,2017-04-14,M Chinnaswamy Stadium,Mumbai Indians
1082603,2017-04-14,Saurashtra Cricket Association Stadium,Gujarat Lions
1082604,2017-04-15,Eden Gardens,Kolkata Knight Riders
1082605,2017-04-15,Feroz Shah Kotla,Delhi Daredevils
1082606,2017-04-16,Wankhede Stadium,Mumbai Indians
1082607,2017-04-16,M Chinnaswamy Stadium,Rising Pune Supergiant
1082608,2017-04-17,Feroz Shah Kotla,Kolkata Knight Riders
1082609,2017-04-17,"Rajiv Gandhi International Stadium, Uppal",Sunrisers Hyderabad
1082610,2017-04-18,Saurashtra Cricket Association Stadium,Royal Challengers Bangalore
1082611,2017-04-19,"Rajiv Gandhi International Stadium, Uppal",Sunrisers Hyderabad
1082612,2017-04-20,Holkar Cricket Stadium,Mumbai Indians
1082613,2017-04-21,Eden Gardens,Gujarat Lions
1082614,2017-04-22,Wankhede Stadium,Mumbai Indians
1082615,2017-04-22,Maharashtra Cricket Association Stadium,Rising Pune Supergiant
1082616,2017-04-23,Saurashtra Cricket Association Stadium,Kings XI Punjab
1082617,2017-04-23,Eden Gardens,Kolkata Knight Riders
1082618,2017-04-24,Wankhede Stadium,Rising Pune Supergiant
1082620,2017-04-26,Maharashtra Cricket Association Stadium,Kolkata Knight Riders
1082621,2017-04-27,M Chinnaswamy Stadium,Gujarat Lions
1082622,2017-04-28,Eden Gardens,Kolkata Knight Riders
1082623,2017-04-28,"Punjab Cricket Association IS Bindra Stadium, Mohali",Sunrisers Hyderabad
1082624,2017-04-29,Maharashtra Cricket Association Stadium,Rising Pune Supergiant
1082625,2017-04-29,Saurashtra Cricket Association Stadium,
1082626,2017-04-30,"Punjab Cricket Association IS Bindra Stadium, Mohali",Kings XI Punjab
1082627,2017-04-30,"Rajiv Gandhi International Stadium, Uppal",Sunrisers Hyderabad
1082628,2017-05-01,Wankhede Stadium,Mumbai Indians
1082629,2017-05-01,Maharashtra Cricket Association Stadium,Rising Pune Supergiant
1082630,2017-05-02,Feroz Shah Kotla,Delhi Daredevils
1082631,2017-05-03,Eden Gardens,Rising Pune Supergiant
1082632,2017-05-04,Feroz Shah Kotla,Delhi Daredevils
1082633,2017-05-05,M Chinnaswamy Stadium,Kings XI Punjab
1082634,2017-05-06,"Rajiv Gandhi International Stadium, Uppal",Rising Pune Supergiant
1082635,2017-05-06,Feroz Shah Kotla,Mumbai Indians
1082636,2017-05-07,M Chinnaswamy Stadium,Kolkata Knight Riders
1082637,2017-05-07,"Punjab Cricket Association IS Bindra Stadium, Mohali",Gujarat Lions
1082638,2017-05-08,"Rajiv Gandhi International Stadium, Uppal",Sunrisers Hyderabad
1082639,2017-05-09,"Punjab Cricket Association IS Bindra Stadium, Mohali",Kings XI Punjab
1082640,2017-05-10,Green Park,Delhi Daredevils
1082641,2017-05-11,Wankhede Stadium,Kings XI Punjab
1082642,2017-05-12,Feroz Shah Kotla,Delhi Daredevils
1082643,2017-05-13,Green Park,Sunrisers Hyderabad
1082644,2017-05-13,Eden Gardens,Mumbai Indians
1082645,2017-05-14,Maharashtra Cricket Association Stadium,Rising Pune Supergiant
1082646,2017-05-14,Feroz Shah Kotla,Royal Challengers Bangalore
1082647,2017-05-16,Wankhede Stadium,Rising Pune Supergiant
1082648,2017-05-17,M Chinnaswamy Stadium,Kolkata Knight Riders
1082649,2017-05-19,M Chinnaswamy Stadium,Mumbai Indians
1082650,2017-05-21,"Rajiv Gandhi International Stadium, Uppal",Mumbai Indians
1136561,2018-04-07,Wankhede Stadium,Chennai Super Kings
1136562,2018-04-08,Punjab Cricket Association IS Bindra Stadium,Kings XI Punjab
1136563,2018-04-08,Eden Gardens,Kolkata Knight Riders
1136564,2018-04-09,Rajiv Gandhi International Stadium,Sunrisers Hyderabad
1136565,2018-04-10,MA Chidambaram Stadium,Chennai Super Kings
1136566,2018-04-11,Sawai Mansingh Stadium,Rajasthan Royals
1136567,2018-04-12,Rajiv Gandhi International Stadium,Sunrisers Hyderabad
1136568,2018-04-13,M.Chinnaswamy Stadium,Royal Challengers Bangalore
1136569,2018-04-14,Wankhede Stadium,Delhi Daredevils
1136570,2018-04-14,Eden Gardens,Sunrisers Hyderabad
1136571,2018-04-15,M.Chinnaswamy Stadium,Rajasthan Royals
1136572,2018-04-15,Punjab Cricket Association IS Bindra Stadium,Kings XI Punjab
1136573,2018-04-16,Eden Gardens,Kolkata Knight Riders
1136574,2018-04-17,Wankhede Stadium,Mumbai Indians
1136575,2018-04-18,Sawai Mansingh Stadium,Kolkata Knight Riders
1136576,2018-04-19,Punjab Cricket Association IS Bindra Stadium,Kings XI Punjab
1136577,2018-04-20,Maharashtra Cricket Association Stadium,Chennai Super Kings
1136578,2018-04-21,Eden Gardens,Kings XI Punjab
1136579,2018-04-21,M.Chinnaswamy Stadium,Royal Challengers Bangalore
1136580,2018-04-22,Rajiv Gandhi International Stadium,Chennai Super Kings
1136581,2018-04-22,Sawai Mansingh Stadium,Rajasthan Royals
1136582,2018-04-23,Arun Jaitley Stadium,Kings XI Punjab
1136583,2018-04-24,Wankhede Stadium,Sunrisers Hyderabad
1136584,2018-04-25,M.Chinnaswamy Stadium,Chennai Super Kings
1136585,2018-04-26,Rajiv Gandhi International Stadium,Sunrisers Hyderabad
1136586,2018-04-27,Arun Jaitley Stadium,Delhi Daredevils
1136587,2018-04-28,Maharashtra Cricket Association Stadium,Mumbai Indians
1136588,2018-04-29,Sawai Mansingh Stadium,Sunrisers Hyderabad
1136589,2018-04-29,M.Chinnaswamy Stadium,Kolkata Knight Riders
1136590,2018-04-30,Maharashtra Cricket Association Stadium,Chennai Super Kings
1136591,2018-05-01,M.Chinnaswamy Stadium,Royal Challengers Bangalore
1136592,2018-05-02,Arun Jaitley Stadium,Delhi Daredevils
1136593,2018-05-03,Eden Gardens,Kolkata Knight Riders
1136594,2018-05-04,Holkar Cricket Stadium,Mumbai Indians
1136595,2018-05-05,Maharashtra Cricket Association Stadium,Chennai Super Kings
1136596,2018-05-05,Rajiv Gandhi International Stadium,Sunrisers Hyderabad
1136597,2018-05-06,Wankhede Stadium,Mumbai Indians
1136598,2018-05-06,Holkar Cricket Stadium,Kings XI Punjab
1136599,2018-05-07,Rajiv Gandhi International Stadium,Sunrisers Hyderabad
1136600,2018-05-08,Sawai Mansingh Stadium,Rajasthan Royals
1136601,2018-05-09,Eden Gardens,Mumbai Indians
1136602,2018-05-10,Arun Jaitley Stadium,Sunrisers Hyderabad
1136603,2018-05-11,Sawai Mansingh Stadium,Rajasthan Royals
1136604,2018-05-12,Holkar Cricket Stadium,Kolkata Knight Riders
1136605,2018-05-12,Arun Jaitley Stadium,Royal Challengers Bangalore
1136606,2018-05-13,Maharashtra Cricket Association Stadium,Chennai Super Kings
1136607,2018-05-13,Wankhede Stadium,Rajasthan Royals
1136608,2018-05-14,Holkar Cricket Stadium,Royal Challengers Bangalore
1136609,2018-05-15,Eden Gardens,Kolkata Knight Riders
1136610,2018-05-16,Wankhede Stadium,Mumbai Indians
1136611,2018-05-17,M.Chinnaswamy Stadium,Royal Challengers Bangalore
1136612,2018-05-18,Arun Jaitley Stadium,Delhi Daredevils
1136613,2018-05-19,Sawai Mansingh Stadium,Rajasthan Royals
1136614,2018-05-19,Rajiv Gandhi International Stadium,Kolkata Knight Riders
1136615,2018-05-20,Arun Jaitley Stadium,Delhi Daredevils
1136616,2018-05-20,Maharashtra Cricket Association Stadium,Chennai Super Kings
1136617,2018-05-22,Wankhede Stadium,Chennai Super Kings
1136618,2018-05-23,Eden Gardens,Kolkata Knight Riders
1136619,2018-05-25,Eden Gardens,Sunrisers Hyderabad
1136620,2018-05-27,Wankhede Stadium,Chennai Super Kings
1175356,2019-03-23,MA Chidambaram Stadium,Chennai Super Kings
1175357,2019-03-24,Eden Gardens,Kolkata Knight Riders
1175358,2019-03-24,Wankhede Stadium,Delhi Capitals
1175359,2019-03-25,Sawai Mansingh Stadium,Kings XI Punjab
1175360,2019-03-26,Arun Jaitley Stadium,Chennai Super Kings
1175361,2019-03-27,Eden Gardens,Kolkata Knight Riders
1175362,2019-03-28,M.Chinnaswamy Stadium,Mumbai Indians
1175363,2019-03-29,Rajiv Gandhi International Stadium,Sunrisers Hyderabad
1175364,2019-03-30,Punjab Cricket Association IS Bindra Stadium,Kings XI Punjab
1175365,2019-03-30,Arun Jaitley Stadium,
1175366,2019-03-31,Rajiv Gandhi International Stadium,Sunrisers Hyderabad
1175367,2019-03-31,MA Chidambaram Stadium,Chennai Super Kings
1175368,2019-04-01,Punjab Cricket Association IS Bindra Stadium,Kings XI Punjab
1175369,2019-04-02,Sawai Mansingh Stadium,Rajasthan Royals
1175370,2019-04-03,Wankhede Stadium,Mumbai Indians
1175371,2019-04-04,Arun Jaitley Stadium,Sunrisers Hyderabad
1175372,2019-04-05,M.Chinnaswamy Stadium,Kolkata Knight Riders
1178393,2019-04-06,MA Chidambaram Stadium,Chennai Super Kings
1178394,2019-04-06,Rajiv Gandhi International Stadium,Mumbai Indians
1178395,2019-04-07,M.Chinnaswamy Stadium,Delhi Capitals
1178396,2019-04-07,Sawai Mansingh Stadium,Kolkata Knight Riders
1178397,2019-04-08,Punjab Cricket Association IS Bindra Stadium,Kings XI Punjab
1178398,2019-04-09,MA Chidambaram Stadium,Chennai Super Kings
1178399,2019-04-10,Wankhede Stadium,Mumbai Indians
1178400,2019-04-11,Sawai Mansingh Stadium,Chennai Super Kings
1178401,2019-04-12,Eden Gardens,Delhi Capitals
1178402,2019-04-13,Wankhede Stadium,Rajasthan Royals
1178403,2019-04-13,Punjab Cricket Association IS Bindra Stadium,Royal Challengers Bangalore
1178404,2019-04-14,Eden Gardens,Chennai Super Kings
1178405,2019-04-14,Rajiv Gandhi International Stadium,Delhi Capitals
1178406,2019-04-15,Wankhede Stadium,Mumbai Indians
1178407,2019-04-16,Punjab Cricket Association IS Bindra Stadium,Kings XI Punjab
1178408,2019-04-17,Rajiv Gandhi International Stadium,Sunrisers Hyderabad
1178409,2019-04-18,Arun Jaitley Stadium,Mumbai Indians
1178410,2019-04-19,Eden Gardens,Royal Challengers Bangalore
1178411,2019-04-20,Sawai Mansingh Stadium,Rajasthan Royals
1178412,2019-04-20,Arun Jaitley Stadium,Delhi Capitals
1178413,2019-04-21,Rajiv Gandhi International Stadium,Sunrisers Hyderabad
1178414,2019-04-21,M.Chinnaswamy Stadium,Royal Challengers Bangalore
1178415,2019-04-22,Sawai Mansingh Stadium,Delhi Capitals
1178416,2019-04-23,MA Chidambaram Stadium,Chennai Super Kings
1178417,2019-04-24,M.Chinnaswamy Stadium,Royal Challengers Bangalore
1178418,2019-04-25,Eden Gardens,Rajasthan Royals
1178419,2019-04-26,MA Chidambaram Stadium,Mumbai Indians
1178420,2019-04-27,Sawai Mansingh Stadium,Rajasthan Royals
1178421,2019-04-28,Arun Jaitley Stadium,Delhi Capitals
1178422,2019-04-28,Eden Gardens,Kolkata Knight Riders
1178423,2019-04-29,Rajiv Gandhi International Stadium,Sunrisers Hyderabad
1178424,2019-04-30,M.Chinnaswamy Stadium,
1178425,2019-05-01,MA Chidambaram Stadium,Chennai Super Kings
1178426,2019-05-02,Wankhede Stadium,
1178427,2019-05-03,Punjab Cricket Association IS Bindra Stadium,Kolkata Knight Riders
1178428,2019-05-04,Arun Jaitley Stadium,Delhi Capitals
1178429,2019-05-04,M.Chinnaswamy Stadium,Royal Challengers Bangalore
1178430,2019-05-05,Punjab Cricket Association IS Bindra Stadium,Kings XI Punjab
1178431,2019-05-05,Wankhede Stadium,Mumbai Indians
1181764,2019-05-07,MA Chidambaram Stadium,Mumbai Indians
1181766,2019-05-08,Dr. Y.S. Rajasekhara Reddy ACA-VDCA Cricket Stadium,Delhi Capitals
1181767,2019-05-10,Dr. Y.S. Rajasekhara Reddy ACA-VDCA Cricket Stadium,Chennai Super Kings
1181768,2019-05-12,Rajiv Gandhi International Stadium,Mumbai Indians
1216492,2020-09-19,Sheikh Zayed Stadium,Chennai Super Kings
1216493,2020-09-20,Dubai International Cricket Stadium,
1216494,2020-10-21,Sheikh Zayed Stadium,Royal Challengers Bangalore
1216495,2020-11-03,Sharjah Cricket Stadium,Sunrisers Hyderabad
1216496,2020-09-22,Sharjah Cricket Stadium,Rajasthan Royals
1216497,2020-10-24,Sheikh Zayed Stadium,Kolkata Knight Riders
1216498,2020-10-24,Dubai International Cricket Stadium,Kings XI Punjab
1216499,2020-10-28,Sheikh Zayed Stadium,Mumbai Indians
1216500,2020-10-09,Sharjah Cricket Stadium,Delhi Capitals
1216501,2020-10-07,Sheikh Zayed Stadium,Kolkata Knight Riders
1216502,2020-10-31,Sharjah Cricket Stadium,Sunrisers Hyderabad
1216503,2020-10-01,Sheikh Zayed Stadium,Mumbai Indians
1216504,2020-09-30,Dubai International Cricket Stadium,Kolkata Knight Riders
1216505,2020-11-02,Sheikh Zayed Stadium,Delhi Capitals
1216506,2020-11-01,Sheikh Zayed Stadium,Chennai Super Kings
1216507,2020-10-11,Dubai International Cricket Stadium,Rajasthan Royals
1216508,2020-09-23,Sheikh Zayed Stadium,Mumbai Indians
1216509,2020-10-17,Sharjah Cricket Stadium,Delhi Capitals
1216510,2020-09-24,Dubai International Cricket Stadium,Kings XI Punjab
1216511,2020-10-06,Sheikh Zayed Stadium,Mumbai Indians
1216512,2020-10-18,Sheikh Zayed Stadium,
1216513,2020-10-04,Dubai International Cricket Stadium,Chennai Super Kings
1216514,2020-10-03,Sheikh Zayed Stadium,Royal Challengers Bangalore
1216515,2020-10-03,Sharjah Cricket Stadium,Delhi Capitals
1216516,2020-10-02,Dubai International Cricket Stadium,Sunrisers Hyderabad
1216517,2020-10-18,Dubai International Cricket Stadium,
1216518,2020-10-22,Dubai International Cricket Stadium,Sunrisers Hyderabad
1216519,2020-10-05,Dubai International Cricket Stadium,Delhi Capitals
1216520,2020-10-26,Sharjah Cricket Stadium,Kings XI Punjab
1216521,2020-10-23,Sharjah Cricket Stadium,Mumbai Indians
1216522,2020-10-17,Dubai International Cricket Stadium,Royal Challengers Bangalore
1216523,2020-10-10,Sheikh Zayed Stadium,Kolkata Knight Riders
1216524,2020-10-27,Dubai International Cricket Stadium,Sunrisers Hyderabad
1216525,2020-10-10,Dubai International Cricket Stadium,Royal Challengers Bangalore
1216526,2020-10-16,Sheikh Zayed Stadium,Mumbai Indians
1216527,2020-09-27,Sharjah Cricket Stadium,Rajasthan Royals
1216528,2020-10-13,Dubai International Cricket Stadium,Chennai Super Kings
1216529,2020-10-11,Sheikh Zayed Stadium,Mumbai Indians
1216530,2020-11-01,Dubai International Cricket Stadium,Kolkata Knight Riders
1216531,2020-10-15,Sharjah Cricket Stadium,Kings XI Punjab
1216532,2020-09-29,Sheikh Zayed Stadium,Sunrisers Hyderabad
1216533,2020-10-19,Sheikh Zayed Stadium,Rajasthan Royals
1216534,2020-09-21,Dubai International Cricket Stadium,Royal Challengers Bangalore
1216535,2020-10-31,Dubai International Cricket Stadium,Mumbai Indians
1216536,2020-10-29,Dubai International Cricket Stadium,Chennai Super Kings
1216537,2020-10-30,Sheikh Zayed Stadium,Rajasthan Royals
1216538,2020-10-04,Sharjah Cricket Stadium,Mumbai Indians
1216539,2020-09-25,Dubai International Cricket Stadium,Delhi Capitals
1216540,2020-10-12,Sharjah Cricket Stadium,Royal Challengers Bangalore
1216541,2020-10-25,Sheikh Zayed Stadium,Rajasthan Royals
1216542,2020-10-08,Dubai International Cricket Stadium,Sunrisers Hyderabad
1216543,2020-10-14,Dubai International Cricket Stadium,Delhi Capitals
1216544,2020-10-25,Dubai International Cricket Stadium,Chennai Super Kings
1216545,2020-09-26,Sheikh Zayed Stadium,Kolkata Knight Riders
1216546,2020-10-20,Dubai International Cricket Stadium,Kings XI Punjab
1216547,2020-09-28,Dubai International Cricket Stadium,
1237177,2020-11-05,Dubai International Cricket Stadium,Mumbai Indians
1237178,2020-11-06,Sheikh Zayed Stadium,Sunrisers Hyderabad
1237180,2020-11-08,Sheikh Zayed Stadium,Delhi Capitals
1237181,2020-11-10,Dubai International Cricket Stadium,Mumbai Indians
1254058,2021-04-09,"MA Chidambaram Stadium, Chepauk, Chennai",Royal Challengers Bangalore
1254059,2021-04-10,"Wankhede Stadium, Mumbai",Delhi Capitals
1254060,2021-04-11,"MA Chidambaram Stadium, Chepauk, Chennai",Kolkata Knight Riders
1254061,2021-04-12,"Wankhede Stadium, Mumbai",Punjab Kings
1254062,2021-04-13,"MA Chidambaram Stadium, Chepauk, Chennai",Mumbai Indians
1254063,2021-04-14,"MA Chidambaram Stadium, Chepauk, Chennai",Royal Challengers Bangalore
1254064,2021-04-15,"Wankhede Stadium, Mumbai",Rajasthan Royals
1254065,2021-04-16,"Wankhede Stadium, Mumbai",Chennai Super Kings
1254066,2021-04-17,"MA Chidambaram Stadium, Chepauk, Chennai",Mumbai Indians
1254067,2021-04-18,"MA Chidambaram Stadium, Chepauk, Chennai",Royal Challengers Bangalore
1254068,2021-04-18,"Wankhede Stadium, Mumbai",Delhi Capitals
1254069,2021-04-19,"Wankhede Stadium, Mumbai",Chennai Super Kings
1254070,2021-04-20,"MA Chidambaram Stadium, Chepauk, Chennai",Delhi Capitals
1254071,2021-04-21,"MA Chidambaram Stadium, Chepauk, Chennai",Sunrisers Hyderabad
1254072,2021-04-21,"Wankhede Stadium, Mumbai",Chennai Super Kings
1254073,2021-04-22,"Wankhede Stadium, Mumbai",Royal Challengers Bangalore
1254074,2021-04-23,"MA Chidambaram Stadium, Chepauk, Chennai",Punjab Kings
1254075,2021-04-24,"Wankhede Stadium, Mumbai",Rajasthan Royals
1254076,2021-04-25,"Wankhede Stadium, Mumbai",Chennai Super Kings
1254077,2021-04-25,"MA Chidambaram Stadium, Chepauk, Chennai",
1254078,2021-04-26,"Narendra Modi Stadium, Ahmedabad",Kolkata Knight Riders
1254079,2021-04-27,"Narendra Modi Stadium, Ahmedabad",Royal Challengers Bangalore
1254080,2021-04-28,"Arun Jaitley Stadium, Delhi",Chennai Super Kings
1254081,2021-04-29,"Arun Jaitley Stadium, Delhi",Mumbai Indians
1254082,2021-04-29,"Narendra Modi Stadium, Ahmedabad",Delhi Capitals
1254083,2021-04-30,"Narendra Modi Stadium, Ahmedabad",Punjab Kings
1254084,2021-05-01,"Arun Jaitley Stadium, Delhi",Mumbai Indians
1254085,2021-05-02,"Arun Jaitley Stadium, Delhi",Rajasthan Royals
1254086,2021-05-02,"Narendra Modi Stadium, Ahmedabad",Delhi Capitals
1254087,2021-09-20,"Zayed Cricket Stadium, Abu Dhabi",Kolkata Knight Riders
1254088,2021-10-08,"Zayed Cricket Stadium, Abu Dhabi",Mumbai Indians
1254089,2021-10-02,"Zayed Cricket Stadium, Abu Dhabi",Rajasthan Royals
1254090,2021-10-03,Sharjah Cricket Stadium,Royal Challengers Bangalore
1254091,2021-09-30,Sharjah Cricket Stadium,Chennai Super Kings
1254092,2021-09-28,Sharjah Cricket Stadium,Kolkata Knight Riders
1254093,2021-10-05,Sharjah Cricket Stadium,Mumbai Indians
1254094,2021-10-07,Dubai International Cricket Stadium,Punjab Kings
1254095,2021-10-06,"Zayed Cricket Stadium, Abu Dhabi",Sunrisers Hyderabad
1254096,2021-09-23,"Zayed Cricket Stadium, Abu Dhabi",Kolkata Knight Riders
1254097,2021-09-25,"Zayed Cricket Stadium, Abu Dhabi",Delhi Capitals
1254098,2021-09-26,"Zayed Cricket Stadium, Abu Dhabi",Chennai Super Kings
1254099,2021-09-28,"Zayed Cricket Stadium, Abu Dhabi",Mumbai Indians
1254100,2021-09-27,Dubai International Cricket Stadium,Sunrisers Hyderabad
1254101,2021-10-08,Dubai International Cricket Stadium,Royal Challengers Bangalore
1254102,2021-10-01,Dubai International Cricket Stadium,Punjab Kings
1254103,2021-09-29,Dubai International Cricket Stadium,Royal Challengers Bangalore
1254104,2021-09-19,Dubai International Cricket Stadium,Chennai Super Kings
1254105,2021-09-22,Dubai International Cricket Stadium,Delhi Capitals
1254106,2021-10-07,Sharjah Cricket Stadium,Kolkata Knight Riders
1254107,2021-09-25,Sharjah Cricket Stadium,Punjab Kings
1254108,2021-09-26,Dubai International Cricket Stadium,Royal Challengers Bangalore
1254109,2021-10-03,Dubai International Cricket Stadium,Kolkata Knight Riders
1254110,2021-10-04,Dubai International Cricket Stadium,Delhi Capitals
1254111,2021-09-21,Dubai International Cricket Stadium,Rajasthan Royals
1254112,2021-10-02,Sharjah Cricket Stadium,Delhi Capitals
1254113,2021-09-24,Sharjah Cricket Stadium,Chennai Super Kings
1254114,2021-10-10,Dubai International Cricket Stadium,Chennai Super Kings
1254115,2021-10-11,Sharjah Cricket Stadium,Kolkata Knight Riders
1254116,2021-10-13,Sharjah Cricket Stadium,Kolkata Knight Riders
1254117,2021-10-15,Dubai International Cricket Stadium,Chennai Super Kings
1304047,2022-03-26,"Wankhede Stadium, Mumbai",Kolkata Knight Riders
1304048,2022-03-27,"Brabourne Stadium, Mumbai",Delhi Capitals
1304049,2022-03-27,"Dr DY Patil Sports Academy, Mumbai",Punjab Kings
1304050,2022-03-28,"Wankhede Stadium, Mumbai",Gujarat Titans
1304051,2022-03-29,"Maharashtra Cricket Association Stadium, Pune",Rajasthan Royals
1304052,2022-03-30,"Dr DY Patil Sports Academy, Mumbai",Royal Challengers Bangalore
1304053,2022-03-31,"Brabourne Stadium, Mumbai",Lucknow Super Giants
1304054,2022-04-01,"Wankhede Stadium, Mumbai",Kolkata Knight Riders
1304055,2022-04-02,"Dr DY Patil Sports Academy, Mumbai",Rajasthan Royals
1304056,2022-04-02,"Maharashtra Cricket Association Stadium, Pune",Gujarat Titans
1304057,2022-04-03,"Brabourne Stadium, Mumbai",Punjab Kings
1304058,2022-04-04,"Dr DY Patil Sports Academy, Mumbai",Lucknow Super Giants
1304059,2022-04-05,"Wankhede Stadium, Mumbai",Royal Challengers Bangalore
1304060,2022-04-06,"Maharashtra Cricket Association Stadium, Pune",Kolkata Knight Riders
1304061,2022-04-07,"Dr DY Patil Sports Academy, Mumbai",Lucknow Super Giants
1304062,2022-04-08,"Brabourne Stadium, Mumbai",Gujarat Titans
1304063,2022-04-09,"Dr DY Patil Sports Academy, Mumbai",Sunrisers Hyderabad
1304064,2022-04-09,"Maharashtra Cricket Association Stadium, Pune",Royal Challengers Bangalore
1304065,2022-04-10,"Brabourne Stadium, Mumbai",Delhi Capitals
1304066,2022-04-10,"Wankhede Stadium, Mumbai",Rajasthan Royals
1304067,2022-04-11,"Dr DY Patil Sports Academy, Mumbai",Sunrisers Hyderabad
1304068,2022-04-12,"Dr DY Patil Sports Academy, Mumbai",Chennai Super Kings
1304069,2022-04-13,"Maharashtra Cricket Association Stadium, Pune",Punjab Kings
1304070,2022-04-14,"Dr DY Patil Sports Academy, Mumbai",Gujarat Titans
1304071,2022-04-15,"Brabourne Stadium, Mumbai",Sunrisers Hyderabad
1304072,2022-04-16,"Brabourne Stadium, Mumbai",Lucknow Super Giants
1304073,2022-04-16,"Wankhede Stadium, Mumbai",Royal Challengers Bangalore
1304074,2022-04-17,"Dr DY Patil Sports Academy, Mumbai",Sunrisers Hyderabad
1304075,2022-04-17,"Maharashtra Cricket Association Stadium, Pune",Gujarat Titans
1304076,2022-04-18,"Brabourne Stadium, Mumbai",Rajasthan Royals
1304077,2022-04-19,"Dr DY Patil Sports Academy, Mumbai",Royal Challengers Bangalore
1304078,2022-04-20,"Brabourne Stadium, Mumbai",Delhi Capitals
1304079,2022-04-21,"Dr DY Patil Sports Academy, Mumbai",Chennai Super Kings
1304080,2022-04-22,"Wankhede Stadium, Mumbai",Rajasthan Royals
1304081,2022-04-23,"Dr DY Patil Sports Academy, Mumbai",Gujarat Titans
1304082,2022-04-23,"Brabourne Stadium, Mumbai",Sunrisers Hyderabad
1304083,2022-04-24,"Wankhede Stadium, Mumbai",Lucknow Super Giants
1304084,2022-04-25,"Wankhede Stadium, Mumbai",Punjab Kings
1304085,2022-04-26,"Maharashtra Cricket Association Stadium, Pune",Rajasthan Royals
1304086,2022-04-27,"Wankhede Stadium, Mumbai",Gujarat Titans
1304087,2022-04-28,"Wankhede Stadium, Mumbai",Delhi Capitals
1304088,2022-04-29,"Maharashtra Cricket Association Stadium, Pune",Lucknow Super Giants
1304089,2022-04-30,"Brabourne Stadium, Mumbai",Gujarat Titans
1304090,2022-04-30,"Dr DY Patil Sports Academy, Mumbai",Mumbai Indians
1304091,2022-05-01,"Wankhede Stadium, Mumbai",Lucknow Super Giants
1304092,2022-05-01,"Maharashtra Cricket Association Stadium, Pune",Chennai Super Kings
1304093,2022-05-02,"Wankhede Stadium, Mumbai",Kolkata Knight Riders
1304094,2022-05-03,"Dr DY Patil Sports Academy, Mumbai",Punjab Kings
1304095,2022-05-04,"Maharashtra Cricket Association Stadium, Pune",Royal Challengers Bangalore
1304096,2022-05-05,"Brabourne Stadium, Mumbai",Delhi Capitals
1304097,2022-05-06,"Brabourne Stadium, Mumbai",Mumbai Indians
1304098,2022-05-07,"Wankhede Stadium, Mumbai",Rajasthan Royals
1304099,2022-05-07,"Maharashtra Cricket Association Stadium, Pune",Lucknow Super Giants
1304100,2022-05-08,"Wankhede Stadium, Mumbai",Royal Challengers Bangalore
1304101,2022-05-08,"Dr DY Patil Sports Academy, Mumbai",Chennai Super Kings
1304102,2022-05-09,"Dr DY Patil Sports Academy, Mumbai",Kolkata Knight Riders
1304103,2022-05-10,"Maharashtra Cricket Association Stadium, Pune",Gujarat Titans
1304104,2022-05-11,"Dr DY Patil Sports Academy, Mumbai",Delhi Capitals
1304105,2022-05-12,"Wankhede Stadium, Mumbai",Mumbai Indians
1304106,2022-05-13,"Brabourne Stadium, Mumbai",Punjab Kings
1304107,2022-05-14,"Maharashtra Cricket Association Stadium, Pune",Kolkata Knight Riders
1304108,2022-05-15,"Wankhede Stadium, Mumbai",Gujarat Titans
1304109,2022-05-15,"Brabourne Stadium, Mumbai",Rajasthan Royals
1304110,2022-05-16,"Dr DY Patil Sports Academy, Mumbai",Delhi Capitals
1304111,2022-05-17,"Wankhede Stadium, Mumbai",Sunrisers Hyderabad
1304112,2022-05-18,"Dr DY Patil Sports Academy, Mumbai",Lucknow Super Giants
1304113,2022-05-19,"Wankhede Stadium, Mumbai",Royal Challengers Bangalore
1304114,2022-05-20,"Brabourne Stadium, Mumbai",Rajasthan Royals
1304115,2022-05-21,"Wankhede Stadium, Mumbai",Mumbai Indians
1304116,2022-05-22,"Wankhede Stadium, Mumbai",Punjab Kings
1312197,2022-05-24,"Eden Gardens, Kolkata",Gujarat Titans
1312198,2022-05-25,"Eden Gardens, Kolkata",Royal Challengers Bangalore
1312199,2022-05-27,"Narendra Modi Stadium, Ahmedabad",Rajasthan Royals
1312200,2022-05-29,"Narendra Modi Stadium, Ahmedabad",Gujarat Titans
1359475,2023-03-31,"Narendra Modi Stadium, Ahmedabad",Gujarat Titans
1359476,2023-04-01,"Punjab Cricket Association IS Bindra Stadium, Mohali, Chandigarh",Punjab Kings
1359477,2023-04-01,"Bharat Ratna Shri Atal Bihari Vajpayee Ekana Cricket Stadium, Lucknow",Lucknow Super Giants
1359478,2023-04-02,"Rajiv Gandhi International Stadium, Uppal, Hyderabad",Rajasthan Royals
1359479,2023-04-02,"M Chinnaswamy Stadium, Bengaluru",Royal Challengers Bangalore
1359480,2023-04-03,"MA Chidambaram Stadium, Chepauk, Chennai",Chennai Super Kings
1359481,2023-04-04,"Arun Jaitley Stadium, Delhi",Gujarat Titans
1359482,2023-04-05,"Barsapara Cricket Stadium, Guwahati",Punjab Kings
1359483,2023-04-06,"Eden Gardens, Kolkata",Kolkata Knight Riders
1359484,2023-04-07,"Bharat Ratna Shri Atal Bihari Vajpayee Ekana Cricket Stadium, Lucknow",Lucknow Super Giants
1359485,2023-04-08,"Barsapara Cricket Stadium, Guwahati",Rajasthan Royals
1359486,2023-04-08,"Wankhede Stadium, Mumbai",Chennai Super Kings
1359487,2023-04-09,"Narendra Modi Stadium, Ahmedabad",Kolkata Knight Riders
1359488,2023-04-09,"Rajiv Gandhi International Stadium, Uppal, Hyderabad",Sunrisers Hyderabad
1359489,2023-04-10,"M Chinnaswamy Stadium, Bengaluru",Lucknow Super Giants
1359490,2023-04-11,"Arun Jaitley Stadium, Delhi",Mumbai Indians
1359491,2023-04-12,"MA Chidambaram Stadium, Chepauk, Chennai",Rajasthan Royals
1359492,2023-04-13,"Punjab Cricket Association IS Bindra Stadium, Mohali, Chandigarh",Gujarat Titans
1359493,2023-04-14,"Eden Gardens, Kolkata",Sunrisers Hyderabad
1359494,2023-04-15,"M Chinnaswamy Stadium, Bengaluru",Royal Challengers Bangalore
1359495,2023-04-15,"Bharat Ratna Shri Atal Bihari Vajpayee Ekana Cricket Stadium, Lucknow",Punjab Kings
1359496,2023-04-16,"Wankhede Stadium, Mumbai",Mumbai Indians
1359497,2023-04-16,"Narendra Modi Stadium, Ahmedabad",Rajasthan Royals
1359498,2023-04-17,"M Chinnaswamy Stadium, Bengaluru",Chennai Super Kings
1359499,2023-04-18,"Rajiv Gandhi International Stadium, Uppal, Hyderabad",Mumbai Indians
1359500,2023-04-19,"Sawai Mansingh Stadium, Jaipur",Lucknow Super Giants
1359501,2023-04-20,"Punjab Cricket Association IS Bindra Stadium, Mohali, Chandigarh",Royal Challengers Bangalore
1359502,2023-04-20,"Arun Jaitley Stadium, Delhi",Delhi Capitals
1359503,2023-04-21,"MA Chidambaram Stadium, Chepauk, Chennai",Chennai Super Kings
1359504,2023-04-22,"Bharat Ratna Shri Atal Bihari Vajpayee Ekana Cricket Stadium, Lucknow",Gujarat Titans
1359505,2023-04-22,"Wankhede Stadium, Mumbai",Punjab Kings
1359506,2023-04-23,"M Chinnaswamy Stadium, Bengaluru",Royal Challengers Bangalore
1359507,2023-04-23,"Eden Gardens, Kolkata",Chennai Super Kings
1359508,2023-04-24,"Rajiv Gandhi International Stadium, Uppal, Hyderabad",Delhi Capitals
1359509,2023-04-25,"Narendra Modi Stadium, Ahmedabad",Gujarat Titans
1359510,2023-04-26,"M Chinnaswamy Stadium, Bengaluru",Kolkata Knight Riders
1359511,2023-04-27,"Sawai Mansingh Stadium, Jaipur",Rajasthan Royals
1359512,2023-04-28,"Punjab Cricket Association IS Bindra Stadium, Mohali, Chandigarh",Lucknow Super Giants
1359513,2023-04-29,"Eden Gardens, Kolkata",Gujarat Titans
1359514,2023-04-29,"Arun Jaitley Stadium, Delhi",Sunrisers Hyderabad
1359515,2023-04-30,"MA Chidambaram Stadium, Chepauk, Chennai",Punjab Kings
1359516,2023-04-30,"Wankhede Stadium, Mumbai",Mumbai Indians
1359517,2023-05-01,"Bharat Ratna Shri Atal Bihari Vajpayee Ekana Cricket Stadium, Lucknow",Royal Challengers Bangalore
1359518,2023-05-02,"Narendra Modi Stadium, Ahmedabad",Delhi Capitals
1359519,2023-05-03,"Bharat Ratna Shri Atal Bihari Vajpayee Ekana Cricket Stadium, Lucknow",
1359520,2023-05-03,"Punjab Cricket Association IS Bindra Stadium, Mohali, Chandigarh",Mumbai Indians
1359521,2023-05-04,"Rajiv Gandhi International Stadium, Uppal, Hyderabad",Kolkata Knight Riders
1359522,2023-05-05,"Sawai Mansingh Stadium, Jaipur",Gujarat Titans
1359523,2023-05-06,"MA Chidambaram Stadium, Chepauk, Chennai",Chennai Super Kings
1359524,2023-05-06,"Arun Jaitley Stadium, Delhi",Delhi Capitals
1359525,2023-05-07,"Narendra Modi Stadium, Ahmedabad",Gujarat Titans
1359526,2023-05-07,"Sawai Mansingh Stadium, Jaipur",Sunrisers Hyderabad
1359527,2023-05-08,"Eden Gardens, Kolkata",Kolkata Knight Riders
1359528,2023-05-09,"Wankhede Stadium, Mumbai",Mumbai Indians
1359529,2023-05-10,"MA Chidambaram Stadium, Chepauk, Chennai",Chennai Super Kings
1359530,2023-05-11,"Eden Gardens, Kolkata",Rajasthan Royals
1359531,2023-05-12,"Wankhede Stadium, Mumbai",Mumbai Indians
1359532,2023-05-13,"Rajiv Gandhi International Stadium, Uppal, Hyderabad",Lucknow Super Giants
1359533,2023-05-13,"Arun Jaitley Stadium, Delhi",Punjab Kings
1359534,2023-05-14,"Sawai Mansingh Stadium, Jaipur",Royal Challengers Bangalore
1359535,2023-05-14,"MA Chidambaram Stadium, Chepauk, Chennai",Kolkata Knight Riders
1359536,2023-05-15,"Narendra Modi Stadium, Ahmedabad",Gujarat Titans
1359537,2023-05-16,"Bharat Ratna Shri Atal Bihari Vajpayee Ekana Cricket Stadium, Lucknow",Lucknow Super Giants
1359538,2023-05-17,"Himachal Pradesh Cricket Association Stadium, Dharamsala",Delhi Capitals
1359539,2023-05-18,"Rajiv Gandhi International Stadium, Uppal, Hyderabad",Royal Challengers Bangalore
1359540,2023-05-19,"Himachal Pradesh Cricket Association Stadium, Dharamsala",Rajasthan Royals
1359541,2023-05-20,"Arun Jaitley Stadium, Delhi",Chennai Super Kings
1359542,2023-05-20,"Eden Gardens, Kolkata",Lucknow Super Giants
1359543,2023-05-21,"Wankhede Stadium, Mumbai",Mumbai Indians
1359544,2023-05-21,"M Chinnaswamy Stadium, Bengaluru",Gujarat Titans
1370350,2023-05-23,"MA Chidambaram Stadium, Chepauk, Chennai",Chennai Super Kings
1370351,2023-05-24,"MA Chidambaram Stadium, Chepauk, Chennai",Mumbai Indians
1370352,2023-05-26,"Narendra Modi Stadium, Ahmedabad",Gujarat Titans
1370353,2023-05-29,"Narendra Modi Stadium, Ahmedabad",Chennai Super Kings
1422119,2024-03-22,"MA Chidambaram Stadium, Chepauk, Chennai",Chennai Super Kings
1422120,2024-03-23,"Maharaja Yadavindra Singh International Cricket Stadium, Mullanpur",Punjab Kings
1422121,2024-03-23,"Eden Gardens, Kolkata",Kolkata Knight Riders
1422122,2024-03-24,"Sawai Mansingh Stadium, Jaipur",Rajasthan Royals
1422123,2024-03-24,"Narendra Modi Stadium, Ahmedabad",Gujarat Titans
1422124,2024-03-25,"M Chinnaswamy Stadium, Bengaluru",Royal Challengers Bengaluru
1422125,2024-03-26,"MA Chidambaram Stadium, Chepauk, Chennai",Chennai Super Kings
1422126,2024-03-27,"Rajiv Gandhi International Stadium, Uppal, Hyderabad",Sunrisers Hyderabad
1422127,2024-03-28,"Sawai Mansingh Stadium, Jaipur",Rajasthan Royals
1422128,2024-03-29,"M Chinnaswamy Stadium, Bengaluru",Kolkata Knight Riders
1422129,2024-03-30,"Bharat Ratna Shri Atal Bihari Vajpayee Ekana Cricket Stadium, Lucknow",Lucknow Super Giants
1422130,2024-03-31,"Narendra Modi Stadium, Ahmedabad",Gujarat Titans
1422131,2024-03-31,"Dr. Y.S. Rajasekhara Reddy ACA-VDCA Cricket Stadium, Visakhapatnam",Delhi Capitals
1422132,2024-04-01,"Wankhede Stadium, Mumbai",Rajasthan Royals
1422133,2024-04-02,"M Chinnaswamy Stadium, Bengaluru",Lucknow Super Giants
1422134,2024-04-03,"Dr. Y.S. Rajasekhara Reddy ACA-VDCA Cricket Stadium, Visakhapatnam",Kolkata Knight Riders
1422135,2024-04-04,"Narendra Modi Stadium, Ahmedabad",Punjab Kings
1422136,2024-04-05,"Rajiv Gandhi International Stadium, Uppal, Hyderabad",Sunrisers Hyderabad
1422137,2024-04-06,"Sawai Mansingh Stadium, Jaipur",Rajasthan Royals
1422138,2024-04-07,"Wankhede Stadium, Mumbai",Mumbai Indians
1422139,2024-04-07,"Bharat Ratna Shri Atal Bihari Vajpayee Ekana Cricket Stadium, Lucknow",Lucknow Super Giants
1426260,2024-04-08,"MA Chidambaram Stadium, Chepauk, Chennai",Chennai Super Kings
1426261,2024-04-09,"Maharaja Yadavindra Singh International Cricket Stadium, Mullanpur",Sunrisers Hyderabad
1426262,2024-04-10,"Sawai Mansingh Stadium, Jaipur",Gujarat Titans
1426263,2024-04-11,"Wankhede Stadium, Mumbai",Mumbai Indians
1426264,2024-04-12,"Bharat Ratna Shri Atal Bihari Vajpayee Ekana Cricket Stadium, Lucknow",Delhi Capitals
1426265,2024-04-13,"Maharaja Yadavindra Singh International Cricket Stadium, Mullanpur",Rajasthan Royals
1426266,2024-04-14,"Eden Gardens, Kolkata",Kolkata Knight Riders
1426267,2024-04-14,"Wankhede Stadium, Mumbai",Chennai Super Kings
1426268,2024-04-15,"M Chinnaswamy Stadium, Bengaluru",Sunrisers Hyderabad
1426269,2024-04-16,"Eden Gardens, Kolkata",Rajasthan Royals
1426270,2024-04-17,"Narendra Modi Stadium, Ahmedabad",Delhi Capitals
1426271,2024-04-18,"Maharaja Yadavindra Singh International Cricket Stadium, Mullanpur",Mumbai Indians
1426272,2024-04-19,"Bharat Ratna Shri Atal Bihari Vajpayee Ekana Cricket Stadium, Lucknow",Lucknow Super Giants
1426273,2024-04-20,"Arun Jaitley Stadium, Delhi",Sunrisers Hyderabad
1426274,2024-04-21,"Eden Gardens, Kolkata",Kolkata Knight Riders
1426275,2024-04-21,"Maharaja Yadavindra Singh International Cricket Stadium, Mullanpur",Gujarat Titans
1426276,2024-04-22,"Sawai Mansingh Stadium, Jaipur",Rajasthan Royals
1426277,2024-04-23,"MA Chidambaram Stadium, Chepauk, Chennai",Lucknow Super Giants
1426278,2024-04-24,"Arun Jaitley Stadium, Delhi",Delhi Capitals
1426279,2024-04-25,"Rajiv Gandhi International Stadium, Uppal, Hyderabad",Royal Challengers Bengaluru
1426280,2024-04-26,"Eden Gardens, Kolkata",Punjab Kings
1426281,2024-04-27,"Arun Jaitley Stadium, Delhi",Delhi Capitals
1426282,2024-04-27,"Bharat Ratna Shri Atal Bihari Vajpayee Ekana Cricket Stadium, Lucknow",Rajasthan Royals
1426283,2024-04-28,"Narendra Modi Stadium, Ahmedabad",Royal Challengers Bengaluru
1426284,2024-04-28,"MA Chidambaram Stadium, Chepauk, Chennai",Chennai Super Kings
1426285,2024-04-29,"Eden Gardens, Kolkata",Kolkata Knight Riders
1426286,2024-04-30,"Bharat Ratna Shri Atal Bihari Vajpayee Ekana Cricket Stadium, Lucknow",Lucknow Super Giants
1426287,2024-05-01,"MA Chidambaram Stadium, Chepauk, Chennai",Punjab Kings
1426288,2024-05-02,"Rajiv Gandhi International Stadium, Uppal, Hyderabad",Sunrisers Hyderabad
1426289,2024-05-03,"Wankhede Stadium, Mumbai",Kolkata Knight Riders
1426290,2024-05-04,"M Chinnaswamy Stadium, Bengaluru",Royal Challengers Bengaluru
1426291,2024-05-05,"Himachal Pradesh Cricket Association Stadium, Dharamsala",Chennai Super Kings
1426292,2024-05-05,"Bharat Ratna Shri Atal Bihari Vajpayee Ekana Cricket Stadium, Lucknow",Kolkata Knight Riders
1426293,2024-05-06,"Wankhede Stadium, Mumbai",Mumbai Indians
1426294,2024-05-07,"Arun Jaitley Stadium, Delhi",Delhi Capitals
1426295,2024-05-08,"Rajiv Gandhi International Stadium, Uppal, Hyderabad",Sunrisers Hyderabad
1426296,2024-05-09,"Himachal Pradesh Cricket Association Stadium, Dharamsala",Royal Challengers Bengaluru
1426297,2024-05-10,"Narendra Modi Stadium, Ahmedabad",Gujarat Titans
1426298,2024-05-11,"Eden Gardens, Kolkata",Kolkata Knight Riders
1426299,2024-05-12,"MA Chidambaram Stadium, Chepauk, Chennai",Chennai Super Kings
1426300,2024-05-12,"M Chinnaswamy Stadium, Bengaluru",Royal Challengers Bengaluru
1426302,2024-05-14,"Arun Jaitley Stadium, Delhi",Delhi Capitals
1426303,2024-05-15,"Barsapara Cricket Stadium, Guwahati",Punjab Kings
1426305,2024-05-17,"Wankhede Stadium, Mumbai",Lucknow Super Giants
1426306,2024-05-18,"M Chinnaswamy Stadium, Bengaluru",Royal Challengers Bengaluru
1426307,2024-05-19,"Rajiv Gandhi International Stadium, Uppal, Hyderabad",Sunrisers Hyderabad
1426309,2024-05-21,"Narendra Modi Stadium, Ahmedabad",Kolkata Knight Riders
1426310,2024-05-22,"Narendra Modi Stadium, Ahmedabad",Rajasthan Royals
1426311,2024-05-24,"MA Chidambaram Stadium, Chepauk, Chennai",Sunrisers Hyderabad
1426312,2024-05-26,"MA Chidambaram Stadium, Chepauk, Chennai",Kolkata Knight Riders
1473438,2025-03-22,"Eden Gardens, Kolkata",Royal Challengers Bengaluru
1473439,2025-03-23,"Rajiv Gandhi International Stadium, Uppal, Hyderabad",Sunrisers Hyderabad
1473440,2025-03-23,"MA Chidambaram Stadium, Chepauk, Chennai",Chennai Super Kings
1473441,2025-03-24,"Dr. Y.S. Rajasekhara Reddy ACA-VDCA Cricket Stadium, Visakhapatnam",Delhi Capitals
1473442,2025-03-25,"Narendra Modi Stadium, Ahmedabad",Punjab Kings
1473443,2025-03-26,"Barsapara Cricket Stadium, Guwahati",Kolkata Knight Riders
1473444,2025-03-27,"Rajiv Gandhi International Stadium, Uppal, Hyderabad",Lucknow Super Giants
1473445,2025-03-28,"MA Chidambaram Stadium, Chepauk, Chennai",Royal Challengers Bengaluru
1473446,2025-03-29,"Narendra Modi Stadium, Ahmedabad",Gujarat Titans
1473447,2025-03-30,"Dr. Y.S. Rajasekhara Reddy ACA-VDCA Cricket Stadium, Visakhapatnam",Delhi Capitals
1473448,2025-03-30,"Barsapara Cricket Stadium, Guwahati",Rajasthan Royals
1473449,2025-03-31,"Wankhede Stadium, Mumbai",Mumbai Indians
1473450,2025-04-01,"Bharat Ratna Shri Atal Bihari Vajpayee Ekana Cricket Stadium, Lucknow",Punjab Kings
1473451,2025-04-02,"M Chinnaswamy Stadium, Bengaluru",Gujarat Titans
1473452,2025-04-03,"Eden Gardens, Kolkata",Kolkata Knight Riders
1473453,2025-04-04,"Bharat Ratna Shri Atal Bihari Vajpayee Ekana Cricket Stadium, Lucknow",Lucknow Super Giants
1473454,2025-04-05,"MA Chidambaram Stadium, Chepauk, Chennai",Delhi Capitals
1473455,2025-04-05,"Maharaja Yadavindra Singh International Cricket Stadium, Mullanpur",Rajasthan Royals
1473456,2025-04-08,"Eden Gardens, Kolkata",Lucknow Super Giants
1473457,2025-04-06,"Rajiv Gandhi International Stadium, Uppal, Hyderabad",Gujarat Titans
1473458,2025-04-07,"Wankhede Stadium, Mumbai",Royal Challengers Bengaluru
1473459,2025-04-08,"Maharaja Yadavindra Singh International Cricket Stadium, Mullanpur",Punjab Kings
1473460,2025-04-09,"Narendra Modi Stadium, Ahmedabad",Gujarat Titans
1473461,2025-04-10,"M Chinnaswamy Stadium, Bengaluru",Delhi Capitals
1473462,2025-04-11,"MA Chidambaram Stadium, Chepauk, Chennai",Kolkata Knight Riders
1473463,2025-04-12,"Bharat Ratna Shri Atal Bihari Vajpayee Ekana Cricket Stadium, Lucknow",Lucknow Super Giants
1473464,2025-04-12,"Rajiv Gandhi International Stadium, Uppal, Hyderabad",Sunrisers Hyderabad
1473465,2025-04-13,"Sawai Mansingh Stadium, Jaipur",Royal Challengers Bengaluru
1473466,2025-04-13,"Arun Jaitley Stadium, Delhi",Mumbai Indians
1473467,2025-04-14,"Bharat Ratna Shri Atal Bihari Vajpayee Ekana Cricket Stadium, Lucknow",Chennai Super Kings
1473468,2025-04-15,"Maharaja Yadavindra Singh International Cricket Stadium, Mullanpur",Punjab Kings
1473469,2025-04-16,"Arun Jaitley Stadium, Delhi",
1473470,2025-04-17,"Wankhede Stadium, Mumbai",Mumbai Indians
1473471,2025-04-18,"M Chinnaswamy Stadium, Bengaluru",Punjab Kings
1473472,2025-04-19,"Narendra Modi Stadium, Ahmedabad",Gujarat Titans
1473473,2025-04-19,"Sawai Mansingh Stadium, Jaipur",Lucknow Super Giants
1473474,2025-04-20,"Maharaja Yadavindra Singh International Cricket Stadium, Mullanpur",Royal Challengers Bengaluru
1473475,2025-04-20,"Wankhede Stadium, Mumbai",Mumbai Indians
1473476,2025-04-21,"Eden Gardens, Kolkata",Gujarat Titans
1473477,2025-04-22,"Bharat Ratna Shri Atal Bihari Vajpayee Ekana Cricket Stadium, Lucknow",Delhi Capitals
1473478,2025-04-23,"Rajiv Gandhi International Stadium, Uppal, Hyderabad",Mumbai Indians
1473479,2025-04-24,"M Chinnaswamy Stadium, Bengaluru",Royal Challengers Bengaluru
1473480,2025-04-25,"MA Chidambaram Stadium, Chepauk, Chennai",Sunrisers Hyderabad
1473481,2025-04-26,"Eden Gardens, Kolkata",
1473482,2025-04-27,"Wankhede Stadium, Mumbai",Mumbai Indians
1473483,2025-04-27,"Arun Jaitley Stadium, Delhi",Royal Challengers Bengaluru
1473484,2025-04-28,"Sawai Mansingh Stadium, Jaipur",Rajasthan Royals
1473485,2025-04-29,"Arun Jaitley Stadium, Delhi",Kolkata Knight Riders
1473486,2025-04-30,"MA Chidambaram Stadium, Chepauk, Chennai",Punjab Kings
1473487,2025-05-01,"Sawai Mansingh Stadium, Jaipur",Mumbai Indians
1473488,2025-05-02,"Narendra Modi Stadium, Ahmedabad",Gujarat Titans
1473489,2025-05-03,"M Chinnaswamy Stadium, Bengaluru",Royal Challengers Bengaluru
1473490,2025-05-04,"Eden Gardens, Kolkata",Kolkata Knight Riders
1473491,2025-05-04,"Himachal Pradesh Cricket Association Stadium, Dharamsala",Punjab Kings
1473492,2025-05-05,"Rajiv Gandhi International Stadium, Uppal, Hyderabad",
1473493,2025-05-06,"Wankhede Stadium, Mumbai",Gujarat Titans
1473494,2025-05-07,"Eden Gardens, Kolkata",Chennai Super Kings
1473495,2025-05-08,"Himachal Pradesh Cricket Association Stadium, Dharamsala",
1473497,2025-05-18,"Sawai Mansingh Stadium, Jaipur",Punjab Kings
1473498,2025-05-18,"Arun Jaitley Stadium, Delhi",Gujarat Titans
1473499,2025-05-19,"Bharat Ratna Shri Atal Bihari Vajpayee Ekana Cricket Stadium, Lucknow",Sunrisers Hyderabad
1473500,2025-05-20,"Arun Jaitley Stadium, Delhi",Rajasthan Royals
1473501,2025-05-21,"Wankhede Stadium, Mumbai",Mumbai Indians
1473502,2025-05-22,"Narendra Modi Stadium, Ahmedabad",Lucknow Super Giants
1473503,2025-05-23,"Bharat Ratna Shri Atal Bihari Vajpayee Ekana Cricket Stadium, Lucknow",Sunrisers Hyderabad
1473504,2025-05-25,"Narendra Modi Stadium, Ahmedabad",Chennai Super Kings
1473505,2025-05-25,"Arun Jaitley Stadium, Delhi",Sunrisers Hyderabad
1473506,2025-05-26,"Sawai Mansingh Stadium, Jaipur",Punjab Kings
1473507,2025-05-27,"Bharat Ratna Shri Atal Bihari Vajpayee Ekana Cricket Stadium, Lucknow",Royal Challengers Bengaluru
1473508,2025-05-29,"Maharaja Yadavindra Singh International Cricket Stadium, Mullanpur",Royal Challengers Bengaluru
1473509,2025-05-30,"Maharaja Yadavindra Singh International Cricket Stadium, New Chandigarh",Mumbai Indians
1473510,2025-06-01,"Narendra Modi Stadium, Ahmedabad",Punjab Kings
1473511,2025-06-03,"Narendra Modi Stadium, Ahmedabad",Royal Challengers Bengaluru
1485779,2025-05-24,"Sawai Mansingh Stadium, Jaipur",Delhi Capitals
335982,2008-04-18,M Chinnaswamy Stadium,Kolkata Knight Riders
335983,2008-04-19,"Punjab Cricket Association Stadium, Mohali",Chennai Super Kings
335984,2008-04-19,Feroz Shah Kotla,Delhi Daredevils
335985,2008-04-20,Wankhede Stadium,Royal Challengers Bangalore
335986,2008-04-20,Eden Gardens,Kolkata Knight Riders
335987,2008-04-21,Sawai Mansingh Stadium,Rajasthan Royals
335988,2008-04-22,"Rajiv Gandhi International Stadium, Uppal",Delhi Daredevils
335989,2008-04-23,"MA Chidambaram Stadium, Chepauk",Chennai Super Kings
335990,2008-04-24,"Rajiv Gandhi International Stadium, Uppal",Rajasthan Royals
335991,2008-04-25,"Punjab Cricket Association Stadium, Mohali",Kings XI Punjab
335992,2008-04-26,M Chinnaswamy Stadium,Rajasthan Royals
335993,2008-04-26,"MA Chidambaram Stadium, Chepauk",Chennai Super Kings
335994,2008-04-27,Dr DY Patil Sports Academy,Deccan Chargers
335995,2008-04-27,"Punjab Cricket Association Stadium, Mohali",Kings XI Punjab
335996,2008-04-28,M Chinnaswamy Stadium,Chennai Super Kings
335997,2008-04-29,Eden Gardens,Mumbai Indians
335998,2008-04-30,Feroz Shah Kotla,Delhi Daredevils
335999,2008-05-01,"Rajiv Gandhi International Stadium, Uppal",Kings XI Punjab
336000,2008-05-01,Sawai Mansingh Stadium,Rajasthan Royals
336001,2008-05-02,"MA Chidambaram Stadium, Chepauk",Delhi Daredevils
336002,2008-05-25,"Rajiv Gandhi International Stadium, Uppal",Royal Challengers Bangalore
336003,2008-05-03,"Punjab Cricket Association Stadium, Mohali",Kings XI Punjab
336004,2008-05-04,Dr DY Patil Sports Academy,Mumbai Indians
336005,2008-05-04,Sawai Mansingh Stadium,Rajasthan Royals
336006,2008-05-05,M Chinnaswamy Stadium,Kings XI Punjab
336007,2008-05-06,"MA Chidambaram Stadium, Chepauk",Deccan Chargers
336008,2008-05-07,Dr DY Patil Sports Academy,Mumbai Indians
336009,2008-05-08,Feroz Shah Kotla,Chennai Super Kings
336010,2008-05-08,Eden Gardens,Kolkata Knight Riders
336011,2008-05-09,Sawai Mansingh Stadium,Rajasthan Royals
336012,2008-05-28,M Chinnaswamy Stadium,Mumbai Indians
336013,2008-05-10,"MA Chidambaram Stadium, Chepauk",Chennai Super Kings
336014,2008-05-11,"Rajiv Gandhi International Stadium, Uppal",Kolkata Knight Riders
336015,2008-05-11,Sawai Mansingh Stadium,Rajasthan Royals
336016,2008-05-12,"Punjab Cricket Association Stadium, Mohali",Kings XI Punjab
336017,2008-05-13,Eden Gardens,Kolkata Knight Riders
336018,2008-05-14,Wankhede Stadium,Mumbai Indians
336019,2008-05-28,"Punjab Cricket Association Stadium, Mohali",Kings XI Punjab
336020,2008-05-15,Feroz Shah Kotla,Delhi Daredevils
336021,2008-05-16,Wankhede Stadium,Mumbai Indians
336022,2008-05-17,Feroz Shah Kotla,Kings XI Punjab
336023,2008-05-17,Sawai Mansingh Stadium,Rajasthan Royals
336024,2008-05-18,"Rajiv Gandhi International Stadium, Uppal",Mumbai Indians
336025,2008-05-18,Eden Gardens,Chennai Super Kings
336026,2008-05-19,M Chinnaswamy Stadium,Delhi Daredevils
336027,2008-05-20,Eden Gardens,Rajasthan Royals
336028,2008-05-21,Wankhede Stadium,Kings XI Punjab
336029,2008-05-21,"MA Chidambaram Stadium, Chepauk",Royal Challengers Bangalore
336031,2008-05-23,"Punjab Cricket Association Stadium, Mohali",Kings XI Punjab
336032,2008-05-24,Feroz Shah Kotla,Delhi Daredevils
336033,2008-05-24,"MA Chidambaram Stadium, Chepauk",Rajasthan Royals
336034,2008-05-03,M Chinnaswamy Stadium,Royal Challengers Bangalore
336035,2008-05-25,Eden Gardens,Kolkata Knight Riders
336036,2008-05-26,Sawai Mansingh Stadium,Rajasthan Royals
336037,2008-05-27,"Rajiv Gandhi International Stadium, Uppal",Chennai Super Kings
336038,2008-05-30,Wankhede Stadium,Rajasthan Royals
336039,2008-05-31,Wankhede Stadium,Chennai Super Kings
336040,2008-06-01,Dr DY Patil Sports Academy,Rajasthan Royals
392181,2009-04-18,Newlands,Mumbai Indians
392182,2009-04-18,Newlands,Royal Challengers Bangalore
392183,2009-04-19,Newlands,Delhi Daredevils
392184,2009-04-19,Newlands,Deccan Chargers
392185,2009-04-20,St George's Park,Chennai Super Kings
392186,2009-04-21,Kingsmead,Kolkata Knight Riders
392188,2009-04-22,Newlands,Deccan Chargers
392189,2009-04-23,Kingsmead,Delhi Daredevils
392190,2009-04-23,Newlands,
392191,2009-04-24,Kingsmead,Kings XI Punjab
392192,2009-04-25,Kingsmead,Deccan Chargers
392194,2009-04-26,St George's Park,Delhi Daredevils
392195,2009-04-26,Newlands,Kings XI Punjab
392196,2009-04-27,Kingsmead,Deccan Chargers
392197,2009-04-27,St George's Park,Mumbai Indians
392198,2009-04-28,SuperSport Park,Rajasthan Royals
392199,2009-04-29,Kingsmead,Royal Challengers Bangalore
392200,2009-04-29,Kingsmead,Kings XI Punjab
392201,2009-04-30,SuperSport Park,Delhi Daredevils
392202,2009-04-30,SuperSport Park,Chennai Super Kings
392203,2009-05-01,Buffalo Park,Mumbai Indians
392204,2009-05-01,Kingsmead,Royal Challengers Bangalore
392205,2009-05-02,St George's Park,Rajasthan Royals
392206,2009-05-02,New Wanderers Stadium,Chennai Super Kings
392207,2009-05-03,St George's Park,Kings XI Punjab
392208,2009-05-03,New Wanderers Stadium,Royal Challengers Bangalore
392209,2009-05-04,Buffalo Park,Chennai Super Kings
392210,2009-05-05,Kingsmead,Rajasthan Royals
392211,2009-05-05,Kingsmead,Delhi Daredevils
392212,2009-05-06,SuperSport Park,Deccan Chargers
392213,2009-05-07,SuperSport Park,Rajasthan Royals
392214,2009-05-07,SuperSport Park,Chennai Super Kings
392215,2009-05-08,Buffalo Park,Delhi Daredevils
392216,2009-05-09,De Beers Diamond Oval,Kings XI Punjab
392217,2009-05-09,De Beers Diamond Oval,Chennai Super Kings
392218,2009-05-10,St George's Park,Mumbai Indians
392219,2009-05-10,New Wanderers Stadium,Delhi Daredevils
392220,2009-05-11,De Beers Diamond Oval,Deccan Chargers
392221,2009-05-12,SuperSport Park,Royal Challengers Bangalore
392222,2009-05-12,SuperSport Park,Mumbai Indians
392223,2009-05-13,Kingsmead,Delhi Daredevils
392224,2009-05-14,Kingsmead,Royal Challengers Bangalore
392225,2009-05-14,Kingsmead,Rajasthan Royals
392226,2009-05-15,OUTsurance Oval,Kings XI Punjab
392227,2009-05-16,St George's Park,Chennai Super Kings
392228,2009-05-16,New Wanderers Stadium,Deccan Chargers
392229,2009-05-17,New Wanderers Stadium,Kings XI Punjab
392230,2009-05-17,OUTsurance Oval,Delhi Daredevils
392231,2009-05-18,SuperSport Park,Kolkata Knight Riders
392232,2009-05-19,New Wanderers Stadium,Royal Challengers Bangalore
392233,2009-05-20,Kingsmead,Kolkata Knight Riders
392234,2009-05-20,Kingsmead,Chennai Super Kings
392235,2009-05-21,SuperSport Park,Delhi Daredevils
392236,2009-05-21,SuperSport Park,Royal Challengers Bangalore
392237,2009-05-22,SuperSport Park,Deccan Chargers
392238,2009-05-23,New Wanderers Stadium,Royal Challengers Bangalore
392239,2009-05-24,New Wanderers Stadium,Deccan Chargers
419106,2010-03-12,Dr DY Patil Sports Academy,Kolkata Knight Riders
419107,2010-03-13,Brabourne Stadium,Mumbai Indians
419108,2010-03-13,"Punjab Cricket Association Stadium, Mohali",Delhi Daredevils
419109,2010-03-14,Eden Gardens,Kolkata Knight Riders
419110,2010-03-14,"MA Chidambaram Stadium, Chepauk",Deccan Chargers
419111,2010-03-15,"Sardar Patel Stadium, Motera",Delhi Daredevils
419112,2010-03-16,M Chinnaswamy Stadium,Royal Challengers Bangalore
419113,2010-03-16,Eden Gardens,Chennai Super Kings
419114,2010-03-17,Feroz Shah Kotla,Mumbai Indians
419115,2010-03-18,M Chinnaswamy Stadium,Royal Challengers Bangalore
419116,2010-03-19,Feroz Shah Kotla,Chennai Super Kings
419117,2010-03-19,Barabati Stadium,Deccan Chargers
419118,2010-03-20,"Sardar Patel Stadium, Motera",Rajasthan Royals
419119,2010-03-20,Brabourne Stadium,Royal Challengers Bangalore
419120,2010-03-21,Barabati Stadium,Deccan Chargers
419121,2010-03-21,"MA Chidambaram Stadium, Chepauk",
419122,2010-03-22,Brabourne Stadium,Mumbai Indians
419123,2010-03-23,M Chinnaswamy Stadium,Royal Challengers Bangalore
419124,2010-03-24,"Punjab Cricket Association Stadium, Mohali",Rajasthan Royals
419125,2010-03-25,"Brabourne Stadium, Mumbai",Mumbai Indians
419126,2010-03-26,"Sardar Patel Stadium, Motera",Rajasthan Royals
419127,2010-03-27,"Punjab Cricket Association Stadium, Mohali",Kolkata Knight Riders
419128,2010-03-25,M Chinnaswamy Stadium,Delhi Daredevils
419129,2010-03-28,"Sardar Patel Stadium, Motera",Rajasthan Royals
419130,2010-03-28,Dr DY Patil Sports Academy,Mumbai Indians
419131,2010-03-29,Feroz Shah Kotla,Delhi Daredevils
419132,2010-03-30,Brabourne Stadium,Mumbai Indians
419133,2010-03-31,"MA Chidambaram Stadium, Chepauk",Chennai Super Kings
419134,2010-03-31,Feroz Shah Kotla,Delhi Daredevils
419135,2010-04-01,Eden Gardens,Kolkata Knight Riders
419136,2010-04-02,"Punjab Cricket Association Stadium, Mohali",Royal Challengers Bangalore
419137,2010-04-03,"MA Chidambaram Stadium, Chepauk",Chennai Super Kings
419138,2010-04-03,Brabourne Stadium,Mumbai Indians
419139,2010-04-04,Eden Gardens,Kings XI Punjab
419140,2010-04-04,Feroz Shah Kotla,Delhi Daredevils
419141,2010-04-05,"Vidarbha Cricket Association Stadium, Jamtha",Rajasthan Royals
419142,2010-04-06,"MA Chidambaram Stadium, Chepauk",Chennai Super Kings
419143,2010-04-07,Sawai Mansingh Stadium,Rajasthan Royals
419144,2010-04-07,Eden Gardens,Kolkata Knight Riders
419145,2010-04-08,M Chinnaswamy Stadium,Deccan Chargers
419146,2010-04-09,"Punjab Cricket Association Stadium, Mohali",Kings XI Punjab
419147,2010-04-10,"Vidarbha Cricket Association Stadium, Jamtha",Deccan Chargers
419148,2010-04-10,M Chinnaswamy Stadium,Royal Challengers Bangalore
419149,2010-04-11,Feroz Shah Kotla,Kings XI Punjab
419150,2010-04-11,Sawai Mansingh Stadium,Mumbai Indians
419151,2010-04-12,"Vidarbha Cricket Association Stadium, Jamtha",Deccan Chargers
419152,2010-04-13,Brabourne Stadium,Mumbai Indians
419153,2010-04-13,"MA Chidambaram Stadium, Chepauk",Chennai Super Kings
419154,2010-04-14,Sawai Mansingh Stadium,Royal Challengers Bangalore
419155,2010-04-15,"MA Chidambaram Stadium, Chepauk",Delhi Daredevils
419156,2010-04-16,Himachal Pradesh Cricket Association Stadium,Deccan Chargers
419157,2010-04-17,M Chinnaswamy Stadium,Mumbai Indians
419158,2010-04-17,Eden Gardens,Kolkata Knight Riders
419159,2010-04-18,Himachal Pradesh Cricket Association Stadium,Chennai Super Kings
419160,2010-04-18,Feroz Shah Kotla,Deccan Chargers
419161,2010-04-19,Eden Gardens,Kolkata Knight Riders
419162,2010-04-21,Dr DY Patil Sports Academy,Mumbai Indians
419163,2010-04-22,Dr DY Patil Sports Academy,Chennai Super Kings
419164,2010-04-24,Dr DY Patil Sports Academy,Royal Challengers Bangalore
419165,2010-04-25,Dr DY Patil Sports Academy,Chennai Super Kings
501198,2011-04-08,"MA Chidambaram Stadium, Chepauk",Chennai Super Kings
501199,2011-04-09,"Rajiv Gandhi International Stadium, Uppal",Rajasthan Royals
501200,2011-04-09,Nehru Stadium,Royal Challengers Bangalore
501201,2011-04-10,Feroz Shah Kotla,Mumbai Indians
501202,2011-04-10,Dr DY Patil Sports Academy,Pune Warriors
501203,2011-04-11,Eden Gardens,Kolkata Knight Riders
501204,2011-04-12,Sawai Mansingh Stadium,Rajasthan Royals
501205,2011-04-12,M Chinnaswamy Stadium,Mumbai Indians
501206,2011-04-13,"Punjab Cricket Association Stadium, Mohali",Kings XI Punjab
501207,2011-04-13,Dr DY Patil Sports Academy,Pune Warriors
501208,2011-04-14,"Rajiv Gandhi International Stadium, Uppal",Deccan Chargers
501209,2011-04-15,Sawai Mansingh Stadium,Kolkata Knight Riders
501210,2011-04-15,Wankhede Stadium,Kochi Tuskers Kerala
501211,2011-04-16,"MA Chidambaram Stadium, Chepauk",Chennai Super Kings
501212,2011-04-16,"Rajiv Gandhi International Stadium, Uppal",Kings XI Punjab
501213,2011-04-17,Dr DY Patil Sports Academy,Delhi Daredevils
501214,2011-04-17,Eden Gardens,Kolkata Knight Riders
501215,2011-04-18,Nehru Stadium,Kochi Tuskers Kerala
501216,2011-04-19,Feroz Shah Kotla,Deccan Chargers
501218,2011-04-20,Wankhede Stadium,Mumbai Indians
501219,2011-04-20,Eden Gardens,Kochi Tuskers Kerala
501220,2011-04-21,"Punjab Cricket Association Stadium, Mohali",Kings XI Punjab
501221,2011-04-22,Wankhede Stadium,Mumbai Indians
501222,2011-04-22,Eden Gardens,Royal Challengers Bangalore
501223,2011-04-23,Feroz Shah Kotla,Delhi Daredevils
501224,2011-04-24,"Rajiv Gandhi International Stadium, Uppal",Mumbai Indians
501225,2011-04-24,Sawai Mansingh Stadium,Rajasthan Royals
501226,2011-04-25,"MA Chidambaram Stadium, Chepauk",Chennai Super Kings
501227,2011-04-26,Feroz Shah Kotla,Royal Challengers Bangalore
501228,2011-04-27,Dr DY Patil Sports Academy,Chennai Super Kings
501229,2011-04-27,Nehru Stadium,Deccan Chargers
501230,2011-04-28,Feroz Shah Kotla,Kolkata Knight Riders
501231,2011-04-29,Sawai Mansingh Stadium,Rajasthan Royals
501232,2011-04-29,M Chinnaswamy Stadium,Royal Challengers Bangalore
501233,2011-04-30,Nehru Stadium,Delhi Daredevils
501234,2011-04-30,Eden Gardens,Kolkata Knight Riders
501235,2011-05-01,Sawai Mansingh Stadium,Rajasthan Royals
501236,2011-05-01,"MA Chidambaram Stadium, Chepauk",Chennai Super Kings
501237,2011-05-02,Wankhede Stadium,Mumbai Indians
501238,2011-05-02,Feroz Shah Kotla,Kochi Tuskers Kerala
501239,2011-05-03,"Rajiv Gandhi International Stadium, Uppal",Kolkata Knight Riders
501240,2011-05-04,"MA Chidambaram Stadium, Chepauk",Chennai Super Kings
501241,2011-05-04,Dr DY Patil Sports Academy,Mumbai Indians
501242,2011-05-05,Nehru Stadium,Kochi Tuskers Kerala
501243,2011-05-05,"Rajiv Gandhi International Stadium, Uppal",Delhi Daredevils
501244,2011-05-06,M Chinnaswamy Stadium,Royal Challengers Bangalore
501245,2011-05-07,Eden Gardens,Kolkata Knight Riders
501246,2011-05-07,Wankhede Stadium,Mumbai Indians
501247,2011-05-08,M Chinnaswamy Stadium,Royal Challengers Bangalore
501248,2011-05-08,"Punjab Cricket Association Stadium, Mohali",Pune Warriors
501249,2011-05-09,Sawai Mansingh Stadium,Chennai Super Kings
501250,2011-05-10,"Rajiv Gandhi International Stadium, Uppal",Pune Warriors
501251,2011-05-10,"Punjab Cricket Association Stadium, Mohali",Kings XI Punjab
501252,2011-05-11,Sawai Mansingh Stadium,Royal Challengers Bangalore
501253,2011-05-12,"MA Chidambaram Stadium, Chepauk",Chennai Super Kings
501254,2011-05-13,Holkar Cricket Stadium,Kings XI Punjab
501255,2011-05-14,M Chinnaswamy Stadium,Royal Challengers Bangalore
501256,2011-05-14,Wankhede Stadium,Deccan Chargers
501257,2011-05-15,Himachal Pradesh Cricket Association Stadium,Kings XI Punjab
501258,2011-05-15,Holkar Cricket Stadium,Kochi Tuskers Kerala
501259,2011-05-16,Dr DY Patil Sports Academy,Deccan Chargers
501260,2011-05-17,Himachal Pradesh Cricket Association Stadium,Kings XI Punjab
501261,2011-05-18,"MA Chidambaram Stadium, Chepauk",Chennai Super Kings
501262,2011-05-19,Dr DY Patil Sports Academy,Kolkata Knight Riders
501263,2011-05-20,Wankhede Stadium,Rajasthan Royals
501264,2011-05-21,Himachal Pradesh Cricket Association Stadium,Deccan Chargers
501265,2011-05-21,Feroz Shah Kotla,
501266,2011-05-22,M Chinnaswamy Stadium,Royal Challengers Bangalore
501267,2011-05-22,Eden Gardens,Mumbai Indians
501268,2011-05-24,Wankhede Stadium,Chennai Super Kings
501269,2011-05-25,Wankhede Stadium,Mumbai Indians
501270,2011-05-27,"MA Chidambaram Stadium, Chepauk",Royal Challengers Bangalore
501271,2011-05-28,"MA Chidambaram Stadium, Chepauk",Chennai Super Kings
548306,2012-04-04,"MA Chidambaram Stadium, Chepauk",Mumbai Indians
548307,2012-04-05,Eden Gardens,Delhi Daredevils
548308,2012-04-06,Wankhede Stadium,Pune Warriors
548309,2012-04-06,Sawai Mansingh Stadium,Rajasthan Royals
548310,2012-04-07,M Chinnaswamy Stadium,Royal Challengers Bangalore
548311,2012-04-07,Dr. Y.S. Rajasekhara Reddy ACA-VDCA Cricket Stadium,Chennai Super Kings
548312,2012-04-08,Sawai Mansingh Stadium,Rajasthan Royals
548313,2012-04-08,Subrata Roy Sahara Stadium,Pune Warriors
548314,2012-04-09,Dr. Y.S. Rajasekhara Reddy ACA-VDCA Cricket Stadium,Mumbai Indians
548315,2012-04-10,M Chinnaswamy Stadium,Kolkata Knight Riders
548316,2012-04-10,Feroz Shah Kotla,Delhi Daredevils
548317,2012-04-11,Wankhede Stadium,Mumbai Indians
548318,2012-04-12,"MA Chidambaram Stadium, Chepauk",Chennai Super Kings
548319,2012-04-12,"Punjab Cricket Association Stadium, Mohali",Kings XI Punjab
548320,2012-04-13,Eden Gardens,Kolkata Knight Riders
548321,2012-04-19,Feroz Shah Kotla,Delhi Daredevils
548322,2012-04-14,Subrata Roy Sahara Stadium,Pune Warriors
548323,2012-04-15,Eden Gardens,Kings XI Punjab
548324,2012-04-15,M Chinnaswamy Stadium,Rajasthan Royals
548325,2012-04-16,Wankhede Stadium,Delhi Daredevils
548326,2012-04-17,Sawai Mansingh Stadium,Rajasthan Royals
548327,2012-04-17,M Chinnaswamy Stadium,Royal Challengers Bangalore
548328,2012-04-18,"Punjab Cricket Association Stadium, Mohali",Kolkata Knight Riders
548329,2012-05-10,"Rajiv Gandhi International Stadium, Uppal",Delhi Daredevils
548330,2012-04-19,"MA Chidambaram Stadium, Chepauk",Chennai Super Kings
548331,2012-04-20,"Punjab Cricket Association Stadium, Mohali",Royal Challengers Bangalore
548332,2012-04-21,"MA Chidambaram Stadium, Chepauk",Chennai Super Kings
548333,2012-04-21,Feroz Shah Kotla,Pune Warriors
548334,2012-04-22,Wankhede Stadium,Kings XI Punjab
548335,2012-04-22,Barabati Stadium,Kolkata Knight Riders
548336,2012-04-23,Sawai Mansingh Stadium,Royal Challengers Bangalore
548337,2012-04-24,Subrata Roy Sahara Stadium,Delhi Daredevils
548339,2012-04-25,"Punjab Cricket Association Stadium, Mohali",Mumbai Indians
548341,2012-04-26,Subrata Roy Sahara Stadium,Deccan Chargers
548342,2012-04-27,Feroz Shah Kotla,Delhi Daredevils
548343,2012-04-28,"MA Chidambaram Stadium, Chepauk",Kings XI Punjab
548344,2012-04-28,Eden Gardens,Kolkata Knight Riders
548345,2012-04-29,Feroz Shah Kotla,Delhi Daredevils
548346,2012-04-29,Wankhede Stadium,Mumbai Indians
548347,2012-04-30,"MA Chidambaram Stadium, Chepauk",Kolkata Knight Riders
548348,2012-05-01,Barabati Stadium,Deccan Chargers
548349,2012-05-01,Sawai Mansingh Stadium,Delhi Daredevils
548350,2012-05-02,M Chinnaswamy Stadium,Kings XI Punjab
548351,2012-05-03,Subrata Roy Sahara Stadium,Mumbai Indians
548352,2012-05-04,"MA Chidambaram Stadium, Chepauk",Chennai Super Kings
548353,2012-05-05,Eden Gardens,Kolkata Knight Riders
548354,2012-05-05,"Punjab Cricket Association Stadium, Mohali",Rajasthan Royals
548355,2012-05-06,Wankhede Stadium,Mumbai Indians
548356,2012-05-06,M Chinnaswamy Stadium,Royal Challengers Bangalore
548357,2012-05-07,Feroz Shah Kotla,Kolkata Knight Riders
548358,2012-05-08,Subrata Roy Sahara Stadium,Rajasthan Royals
548359,2012-05-08,"Rajiv Gandhi International Stadium, Uppal",Kings XI Punjab
548360,2012-05-09,Wankhede Stadium,Royal Challengers Bangalore
548361,2012-05-10,Sawai Mansingh Stadium,Chennai Super Kings
548362,2012-05-11,Subrata Roy Sahara Stadium,Royal Challengers Bangalore
548363,2012-05-12,Eden Gardens,Mumbai Indians
548364,2012-05-12,"MA Chidambaram Stadium, Chepauk",Chennai Super Kings
548365,2012-05-13,Sawai Mansingh Stadium,Rajasthan Royals
548366,2012-05-13,"Punjab Cricket Association Stadium, Mohali",Kings XI Punjab
548367,2012-05-14,M Chinnaswamy Stadium,Mumbai Indians
548368,2012-05-14,Eden Gardens,Chennai Super Kings
548369,2012-05-15,Feroz Shah Kotla,Delhi Daredevils
548370,2012-05-16,Wankhede Stadium,Kolkata Knight Riders
548371,2012-05-17,Himachal Pradesh Cricket Association Stadium,Kings XI Punjab
548372,2012-05-17,Feroz Shah Kotla,Royal Challengers Bangalore
548373,2012-05-18,"Rajiv Gandhi International Stadium, Uppal",Deccan Chargers
548374,2012-05-19,Himachal Pradesh Cricket Association Stadium,Delhi Daredevils
548375,2012-05-19,Subrata Roy Sahara Stadium,Kolkata Knight Riders
548376,2012-05-20,"Rajiv Gandhi International Stadium, Uppal",Deccan Chargers
548377,2012-05-20,Sawai Mansingh Stadium,Mumbai Indians
548378,2012-05-22,Subrata Roy Sahara Stadium,Kolkata Knight Riders
548379,2012-05-23,M Chinnaswamy Stadium,Chennai Super Kings
548380,2012-05-25,"MA Chidambaram Stadium, Chepauk",Chennai Super Kings
548381,2012-05-27,"MA Chidambaram Stadium, Chepauk",Kolkata Knight Riders
597998,2013-04-03,Eden Gardens,Kolkata Knight Riders
597999,2013-04-04,M Chinnaswamy Stadium,Royal Challengers Bangalore
598000,2013-04-05,"Rajiv Gandhi International Stadium, Uppal",Sunrisers Hyderabad
598001,2013-04-06,Feroz Shah Kotla,Rajasthan Royals
598002,2013-04-06,"MA Chidambaram Stadium, Chepauk",Mumbai Indians
598003,2013-04-07,Subrata Roy Sahara Stadium,Kings XI Punjab
598004,2013-04-07,"Rajiv Gandhi International Stadium, Uppal",
598005,2013-04-08,Sawai Mansingh Stadium,Rajasthan Royals
598006,2013-04-09,Wankhede Stadium,Mumbai Indians
598007,2013-04-10,"Punjab Cricket Association Stadium, Mohali",Chennai Super Kings
598008,2013-04-11,M Chinnaswamy Stadium,Royal Challengers Bangalore
598009,2013-04-11,Subrata Roy Sahara Stadium,Pune Warriors
598010,2013-04-12,Feroz Shah Kotla,Sunrisers Hyderabad
598011,2013-04-13,Wankhede Stadium,Mumbai Indians
598012,2013-04-13,"MA Chidambaram Stadium, Chepauk",Chennai Super Kings
598013,2013-04-14,Eden Gardens,Kolkata Knight Riders
598014,2013-04-14,Sawai Mansingh Stadium,Rajasthan Royals
598015,2013-04-15,"MA Chidambaram Stadium, Chepauk",Pune Warriors
598016,2013-04-16,"Punjab Cricket Association Stadium, Mohali",Kings XI Punjab
598017,2013-04-16,M Chinnaswamy Stadium,
598018,2013-04-17,Maharashtra Cricket Association Stadium,Sunrisers Hyderabad
598019,2013-04-17,Sawai Mansingh Stadium,Rajasthan Royals
598020,2013-04-18,Feroz Shah Kotla,Chennai Super Kings
598021,2013-04-19,"Rajiv Gandhi International Stadium, Uppal",Sunrisers Hyderabad
598022,2013-04-20,Eden Gardens,Chennai Super Kings
598023,2013-04-20,M Chinnaswamy Stadium,Royal Challengers Bangalore
598024,2013-04-21,Feroz Shah Kotla,Delhi Daredevils
598025,2013-04-21,"Punjab Cricket Association Stadium, Mohali",Kings XI Punjab
598026,2013-04-22,"MA Chidambaram Stadium, Chepauk",Chennai Super Kings
598027,2013-04-23,M Chinnaswamy Stadium,Royal Challengers Bangalore
598028,2013-05-16,Himachal Pradesh Cricket Association Stadium,Kings XI Punjab
598029,2013-04-24,Eden Gardens,Mumbai Indians
598030,2013-04-25,"MA Chidambaram Stadium, Chepauk",Chennai Super Kings
598031,2013-04-26,Eden Gardens,Kolkata Knight Riders
598032,2013-04-27,Sawai Mansingh Stadium,Rajasthan Royals
598033,2013-04-27,Wankhede Stadium,Mumbai Indians
598034,2013-04-28,"MA Chidambaram Stadium, Chepauk",Chennai Super Kings
598035,2013-04-28,Shaheed Veer Narayan Singh International Stadium,Delhi Daredevils
598036,2013-04-29,Sawai Mansingh Stadium,Rajasthan Royals
598037,2013-04-29,Wankhede Stadium,Mumbai Indians
598038,2013-04-30,Subrata Roy Sahara Stadium,Chennai Super Kings
598039,2013-05-01,"Rajiv Gandhi International Stadium, Uppal",Sunrisers Hyderabad
598040,2013-05-01,Shaheed Veer Narayan Singh International Stadium,Delhi Daredevils
598041,2013-05-02,"MA Chidambaram Stadium, Chepauk",Chennai Super Kings
598042,2013-05-02,Subrata Roy Sahara Stadium,Royal Challengers Bangalore
598043,2013-05-03,Eden Gardens,Kolkata Knight Riders
598044,2013-05-04,"Rajiv Gandhi International Stadium, Uppal",Sunrisers Hyderabad
598045,2013-05-14,M Chinnaswamy Stadium,Kings XI Punjab
598046,2013-05-05,Wankhede Stadium,Mumbai Indians
598047,2013-05-05,Sawai Mansingh Stadium,Rajasthan Royals
598048,2013-04-09,M Chinnaswamy Stadium,Royal Challengers Bangalore
598049,2013-05-07,Sawai Mansingh Stadium,Rajasthan Royals
598050,2013-05-07,Wankhede Stadium,Mumbai Indians
598051,2013-05-08,"Rajiv Gandhi International Stadium, Uppal",Chennai Super Kings
598052,2013-05-09,"Punjab Cricket Association Stadium, Mohali",Rajasthan Royals
598053,2013-05-09,Subrata Roy Sahara Stadium,Kolkata Knight Riders
598054,2013-05-10,Feroz Shah Kotla,Royal Challengers Bangalore
598055,2013-05-11,Subrata Roy Sahara Stadium,Mumbai Indians
598056,2013-05-11,"Punjab Cricket Association Stadium, Mohali",Sunrisers Hyderabad
598057,2013-05-12,JSCA International Stadium Complex,Kolkata Knight Riders
598058,2013-05-12,Sawai Mansingh Stadium,Rajasthan Royals
598059,2013-04-23,Feroz Shah Kotla,Kings XI Punjab
598060,2013-05-13,Wankhede Stadium,Mumbai Indians
598061,2013-05-15,JSCA International Stadium Complex,Pune Warriors
598062,2013-05-14,"MA Chidambaram Stadium, Chepauk",Chennai Super Kings
598063,2013-05-15,Wankhede Stadium,Mumbai Indians
598064,2013-05-06,"Punjab Cricket Association Stadium, Mohali",Kings XI Punjab
598065,2013-05-17,"Rajiv Gandhi International Stadium, Uppal",Sunrisers Hyderabad
598066,2013-05-18,Himachal Pradesh Cricket Association Stadium,Kings XI Punjab
598067,2013-05-19,Subrata Roy Sahara Stadium,Pune Warriors
598068,2013-05-18,M Chinnaswamy Stadium,Royal Challengers Bangalore
598069,2013-05-19,"Rajiv Gandhi International Stadium, Uppal",Sunrisers Hyderabad
598070,2013-05-21,Feroz Shah Kotla,Chennai Super Kings
598071,2013-05-22,Feroz Shah Kotla,Rajasthan Royals
598072,2013-05-24,Eden Gardens,Mumbai Indians
598073,2013-05-26,Eden Gardens,Mumbai Indians
729279,2014-04-16,Sheikh Zayed Stadium,Kolkata Knight Riders
729281,2014-04-17,Sharjah Cricket Stadium,Royal Challengers Bangalore
729283,2014-04-18,Sheikh Zayed Stadium,Kings XI Punjab
729285,2014-04-18,Sheikh Zayed Stadium,Rajasthan Royals
729287,2014-04-19,Dubai International Cricket Stadium,Royal Challengers Bangalore
729289,2014-04-19,Dubai International Cricket Stadium,Delhi Daredevils
729291,2014-04-20,Sharjah Cricket Stadium,Kings XI Punjab
729293,2014-04-21,Sheikh Zayed Stadium,Chennai Super Kings
729295,2014-04-22,Sharjah Cricket Stadium,Kings XI Punjab
729297,2014-04-23,Dubai International Cricket Stadium,Chennai Super Kings
729299,2014-04-24,Sharjah Cricket Stadium,Kolkata Knight Riders
729301,2014-04-25,Dubai International Cricket Stadium,Sunrisers Hyderabad
729303,2014-04-25,Dubai International Cricket Stadium,Chennai Super Kings
729305,2014-04-26,Sheikh Zayed Stadium,Rajasthan Royals
729307,2014-04-26,Sheikh Zayed Stadium,Kings XI Punjab
729309,2014-04-27,Sharjah Cricket Stadium,Delhi Daredevils
729311,2014-04-27,Sharjah Cricket Stadium,Chennai Super Kings
729313,2014-04-28,Dubai International Cricket Stadium,Kings XI Punjab
729315,2014-04-29,Sheikh Zayed Stadium,
729317,2014-04-30,Dubai International Cricket Stadium,Sunrisers Hyderabad
733971,2014-05-02,JSCA International Stadium Complex,Chennai Super Kings
733973,2014-05-03,Wankhede Stadium,Mumbai Indians
733975,2014-05-03,Feroz Shah Kotla,Rajasthan Royals
733977,2014-05-04,M Chinnaswamy Stadium,Royal Challengers Bangalore
733979,2014-05-05,"Sardar Patel Stadium, Motera",Rajasthan Royals
733981,2014-05-05,Feroz Shah Kotla,Chennai Super Kings
733983,2014-05-06,Wankhede Stadium,Mumbai Indians
733985,2014-05-07,Feroz Shah Kotla,Kolkata Knight Riders
733987,2014-05-07,Barabati Stadium,Kings XI Punjab
733989,2014-05-08,"Sardar Patel Stadium, Motera",Sunrisers Hyderabad
733991,2014-05-09,M Chinnaswamy Stadium,Kings XI Punjab
733993,2014-05-10,Feroz Shah Kotla,Sunrisers Hyderabad
733995,2014-05-10,Wankhede Stadium,Chennai Super Kings
733997,2014-05-11,Barabati Stadium,Kolkata Knight Riders
733999,2014-05-11,M Chinnaswamy Stadium,Rajasthan Royals
734001,2014-05-12,"Rajiv Gandhi International Stadium, Uppal",Mumbai Indians
734003,2014-05-13,JSCA International Stadium Complex,Chennai Super Kings
734005,2014-05-13,M Chinnaswamy Stadium,Royal Challengers Bangalore
734007,2014-05-14,"Rajiv Gandhi International Stadium, Uppal",Kings XI Punjab
734009,2014-05-14,Barabati Stadium,Kolkata Knight Riders
734011,2014-05-15,"Sardar Patel Stadium, Motera",Rajasthan Royals
734013,2014-05-18,JSCA International Stadium Complex,Royal Challengers Bangalore
734015,2014-05-18,"Rajiv Gandhi International Stadium, Uppal",Kolkata Knight Riders
734017,2014-05-19,"Sardar Patel Stadium, Motera",Mumbai Indians
734019,2014-05-19,Feroz Shah Kotla,Kings XI Punjab
734021,2014-05-20,"Rajiv Gandhi International Stadium, Uppal",Sunrisers Hyderabad
734023,2014-05-20,Eden Gardens,Kolkata Knight Riders
734025,2014-05-21,"Punjab Cricket Association Stadium, Mohali",Mumbai Indians
734027,2014-05-22,Eden Gardens,Kolkata Knight Riders
734029,2014-05-22,JSCA International Stadium Complex,Sunrisers Hyderabad
734031,2014-05-23,Wankhede Stadium,Mumbai Indians
734033,2014-05-23,"Punjab Cricket Association Stadium, Mohali",Kings XI Punjab
734035,2014-05-24,M Chinnaswamy Stadium,Chennai Super Kings
734037,2014-05-24,Eden Gardens,Kolkata Knight Riders
734039,2014-05-25,"Punjab Cricket Association Stadium, Mohali",Kings XI Punjab
734041,2014-05-25,Wankhede Stadium,Mumbai Indians
734043,2014-05-27,Eden Gardens,Kolkata Knight Riders
734045,2014-05-28,Brabourne Stadium,Chennai Super Kings
734047,2014-05-30,Wankhede Stadium,Kings XI Punjab
734049,2014-06-01,M Chinnaswamy Stadium,Kolkata Knight Riders
829705,2015-04-08,Eden Gardens,Kolkata Knight Riders
829707,2015-04-09,"MA Chidambaram Stadium, Chepauk",Chennai Super Kings
829709,2015-04-10,Maharashtra Cricket Association Stadium,Rajasthan Royals
829711,2015-04-11,"MA Chidambaram Stadium, Chepauk",Chennai Super Kings
829713,2015-04-11,Eden Gardens,Royal Challengers Bangalore
829715,2015-04-12,Feroz Shah Kotla,Rajasthan Royals
829717,2015-04-12,Wankhede Stadium,Kings XI Punjab
829719,2015-04-13,M Chinnaswamy Stadium,Sunrisers Hyderabad
829721,2015-04-14,"Sardar Patel Stadium, Motera",Rajasthan Royals
829723,2015-04-30,Eden Gardens,Kolkata Knight Riders
829725,2015-04-15,Maharashtra Cricket Association Stadium,Delhi Daredevils
829727,2015-04-16,Dr. Y.S. Rajasekhara Reddy ACA-VDCA Cricket Stadium,Rajasthan Royals
829729,2015-04-17,Wankhede Stadium,Chennai Super Kings
829731,2015-04-18,Dr. Y.S. Rajasekhara Reddy ACA-VDCA Cricket Stadium,Delhi Daredevils
829733,2015-04-18,Maharashtra Cricket Association Stadium,Kolkata Knight Riders
829735,2015-04-19,"Sardar Patel Stadium, Motera",Rajasthan Royals
829737,2015-04-19,M Chinnaswamy Stadium,Mumbai Indians
829739,2015-04-20,Feroz Shah Kotla,Kolkata Knight Riders
829741,2015-04-21,"Sardar Patel Stadium, Motera",
829743,2015-04-22,Dr. Y.S. Rajasekhara Reddy ACA-VDCA Cricket Stadium,Sunrisers Hyderabad
829745,2015-04-22,M Chinnaswamy Stadium,Chennai Super Kings
829747,2015-04-23,Feroz Shah Kotla,Delhi Daredevils
829749,2015-04-24,"Sardar Patel Stadium, Motera",Royal Challengers Bangalore
829751,2015-04-25,Wankhede Stadium,Mumbai Indians
829753,2015-04-25,"MA Chidambaram Stadium, Chepauk",Chennai Super Kings
829757,2015-04-26,Feroz Shah Kotla,Royal Challengers Bangalore
829759,2015-04-27,"Punjab Cricket Association Stadium, Mohali",Sunrisers Hyderabad
829761,2015-05-07,Eden Gardens,Kolkata Knight Riders
829763,2015-04-29,M Chinnaswamy Stadium,
829765,2015-04-28,"MA Chidambaram Stadium, Chepauk",Chennai Super Kings
829767,2015-05-01,Feroz Shah Kotla,Delhi Daredevils
829769,2015-05-01,Wankhede Stadium,Mumbai Indians
829771,2015-05-02,M Chinnaswamy Stadium,Royal Challengers Bangalore
829773,2015-05-02,"Rajiv Gandhi International Stadium, Uppal",Sunrisers Hyderabad
829775,2015-05-03,"Punjab Cricket Association Stadium, Mohali",Mumbai Indians
829777,2015-05-03,Brabourne Stadium,Rajasthan Royals
829779,2015-05-04,"MA Chidambaram Stadium, Chepauk",Chennai Super Kings
829781,2015-05-04,Eden Gardens,Kolkata Knight Riders
829783,2015-05-05,Wankhede Stadium,Mumbai Indians
829785,2015-05-06,M Chinnaswamy Stadium,Royal Challengers Bangalore
829787,2015-05-07,Brabourne Stadium,Sunrisers Hyderabad
829789,2015-05-08,"MA Chidambaram Stadium, Chepauk",Mumbai Indians
829791,2015-05-09,Eden Gardens,Kolkata Knight Riders
829793,2015-05-09,Shaheed Veer Narayan Singh International Stadium,Sunrisers Hyderabad
829795,2015-05-10,Wankhede Stadium,Royal Challengers Bangalore
829797,2015-05-10,"MA Chidambaram Stadium, Chepauk",Chennai Super Kings
829799,2015-05-11,"Rajiv Gandhi International Stadium, Uppal",Sunrisers Hyderabad
829801,2015-05-12,Shaheed Veer Narayan Singh International Stadium,Delhi Daredevils
829803,2015-05-13,"Punjab Cricket Association Stadium, Mohali",Kings XI Punjab
829805,2015-05-14,Wankhede Stadium,Mumbai Indians
829807,2015-05-15,"Rajiv Gandhi International Stadium, Uppal",Royal Challengers Bangalore
829809,2015-05-16,"Punjab Cricket Association Stadium, Mohali",Chennai Super Kings
829811,2015-05-16,Brabourne Stadium,Rajasthan Royals
829813,2015-05-17,M Chinnaswamy Stadium,
829815,2015-05-17,"Rajiv Gandhi International Stadium, Uppal",Mumbai Indians
829817,2015-05-19,Wankhede Stadium,Mumbai Indians
829819,2015-05-20,Maharashtra Cricket Association Stadium,Royal Challengers Bangalore
829821,2015-05-22,JSCA International Stadium Complex,Chennai Super Kings
829823,2015-05-24,Eden Gardens,Mumbai Indians
980901,2016-04-09,Wankhede Stadium,Rising Pune Supergiants
980903,2016-04-10,Eden Gardens,Kolkata Knight Riders
980905,2016-04-11,"Punjab Cricket Association IS Bindra Stadium, Mohali",Gujarat Lions
980907,2016-04-12,M Chinnaswamy Stadium,Royal Challengers Bangalore
980909,2016-04-13,Eden Gardens,Mumbai Indians
980911,2016-04-14,Saurashtra Cricket Association Stadium,Gujarat Lions
980913,2016-04-15,Feroz Shah Kotla,Delhi Daredevils
980915,2016-04-16,"Rajiv Gandhi International Stadium, Uppal",Kolkata Knight Riders
980917,2016-04-16,Wankhede Stadium,Gujarat Lions
980919,2016-04-17,"Punjab Cricket Association IS Bindra Stadium, Mohali",Kings XI Punjab
980921,2016-04-17,M Chinnaswamy Stadium,Delhi Daredevils
980923,2016-04-18,"Rajiv Gandhi International Stadium, Uppal",Sunrisers Hyderabad
980925,2016-04-19,"Punjab Cricket Association IS Bindra Stadium, Mohali",Kolkata Knight Riders
980927,2016-04-20,Wankhede Stadium,Mumbai Indians
980929,2016-04-21,Saurashtra Cricket Association Stadium,Sunrisers Hyderabad
980931,2016-04-22,Maharashtra Cricket Association Stadium,Royal Challengers Bangalore
980933,2016-04-23,Feroz Shah Kotla,Delhi Daredevils
980935,2016-04-23,"Rajiv Gandhi International Stadium, Uppal",Sunrisers Hyderabad
980937,2016-04-24,Saurashtra Cricket Association Stadium,Gujarat Lions
980939,2016-04-24,Maharashtra Cricket Association Stadium,Kolkata Knight Riders
980941,2016-04-25,"Punjab Cricket Association IS Bindra Stadium, Mohali",Mumbai Indians
980943,2016-04-26,"Rajiv Gandhi International Stadium, Uppal",Rising Pune Supergiants
980945,2016-04-27,Feroz Shah Kotla,Gujarat Lions
980947,2016-04-28,Wankhede Stadium,Mumbai Indians
980949,2016-04-29,Maharashtra Cricket Association Stadium,Gujarat Lions
980951,2016-04-30,Feroz Shah Kotla,Delhi Daredevils
980953,2016-04-30,"Rajiv Gandhi International Stadium, Uppal",Sunrisers Hyderabad
980955,2016-05-01,Saurashtra Cricket Association Stadium,Kings XI Punjab
980957,2016-05-01,Maharashtra Cricket Association Stadium,Mumbai Indians
980959,2016-05-02,M Chinnaswamy Stadium,Kolkata Knight Riders
980961,2016-05-03,Saurashtra Cricket Association Stadium,Delhi Daredevils
980963,2016-05-04,Eden Gardens,Kolkata Knight Riders
980965,2016-05-05,Feroz Shah Kotla,Rising Pune Supergiants
980967,2016-05-06,"Rajiv Gandhi International Stadium, Uppal",Sunrisers Hyderabad
980969,2016-05-07,M Chinnaswamy Stadium,Royal Challengers Bangalore
980971,2016-05-07,"Punjab Cricket Association IS Bindra Stadium, Mohali",Kings XI Punjab
980973,2016-05-08,Dr. Y.S. Rajasekhara Reddy ACA-VDCA Cricket Stadium,Sunrisers Hyderabad
980975,2016-05-08,Eden Gardens,Gujarat Lions
980977,2016-05-09,"Punjab Cricket Association IS Bindra Stadium, Mohali",Royal Challengers Bangalore
980979,2016-05-10,Dr. Y.S. Rajasekhara Reddy ACA-VDCA Cricket Stadium,Sunrisers Hyderabad
980981,2016-05-11,M Chinnaswamy Stadium,Mumbai Indians
980983,2016-05-12,"Rajiv Gandhi International Stadium, Uppal",Delhi Daredevils
980985,2016-05-13,Dr. Y.S. Rajasekhara Reddy ACA-VDCA Cricket Stadium,Kings XI Punjab
980987,2016-05-14,M Chinnaswamy Stadium,Royal Challengers Bangalore
980989,2016-05-14,Eden Gardens,Kolkata Knight Riders
980991,2016-05-15,"Punjab Cricket Association IS Bindra Stadium, Mohali",Sunrisers Hyderabad
980993,2016-05-15,Dr. Y.S. Rajasekhara Reddy ACA-VDCA Cricket Stadium,Mumbai Indians
980995,2016-05-16,Eden Gardens,Royal Challengers Bangalore
980997,2016-05-17,Dr. Y.S. Rajasekhara Reddy ACA-VDCA Cricket Stadium,Rising Pune Supergiants
980999,2016-05-18,M Chinnaswamy Stadium,Royal Challengers Bangalore
981001,2016-05-19,Green Park,Gujarat Lions
981003,2016-05-20,Shaheed Veer Narayan Singh International Stadium,Delhi Daredevils
981005,2016-05-21,Dr. Y.S. Rajasekhara Reddy ACA-VDCA Cricket Stadium,Rising Pune Supergiants
981007,2016-05-21,Green Park,Gujarat Lions
981009,2016-05-22,Eden Gardens,Kolkata Knight Riders
981011,2016-05-22,Shaheed Veer Narayan Singh International Stadium,Royal Challengers Bangalore
981013,2016-05-24,M Chinnaswamy Stadium,Royal Challengers Bangalore
981015,2016-05-25,Feroz Shah Kotla,Sunrisers Hyderabad
981017,2016-05-27,Feroz Shah Kotla,Sunrisers Hyderabad
981019,2016-05-29,M Chinnaswamy Stadium,Sunrisers Hyderabad
